date,ticker,open,high,low,close,volume,ret_1d,logret_1d,fwd_ret_5d,dollar_volume,adv_shares_20d,adv_dollars_20d,vol_21d,hl_range,sent_mean,sent_sum,sent_count,alpha_trend,alpha_reversion,alpha_sentiment,regime,alpha_combined,liquidity_ok,target_weight_raw,exec_cost_bps,nav,position_weight,turnover,trade_cost,strategy_ret_1d
2025-01-03,AAPL,243.36,244.18,241.89,243.36,40244114.0,-0.002009432027885949,-0.002011453645079264,-0.036817882971729166,9793807583.04,,,,0.009409927679158494,0.2,1.0,5,,,,risk_on,,0,0.0,15.0,100000.0,0.0,0.0,0.0,0.0
2025-01-06,AAPL,244.31,247.33,243.2,245.0,45045571.0,0.006738987508218219,0.0067163820337450275,-0.0478367346938775,11036164895.0,,,,0.016857142857142886,0.25,1.0,4,,,,risk_on,,0,0.0,15.0,100000.0,0.0,0.0,0.0,0.0
2025-01-07,AAPL,242.98,245.55,241.35,242.21,40855960.0,-0.01138775510204082,-0.011453092086492589,-0.0179183353288469,9895722071.6,,,,0.01734032451178729,1.0,2.0,2,,,,risk_on,,0,0.0,15.0,100000.0,0.0,0.0,0.0,0.0
2025-01-08,AAPL,241.92,243.7123,240.05,242.7,37628940.0,0.0020230378597083654,0.0020209942743205644,-0.059497321796456504,9132543738.0,,,,0.015089822826534705,0.0,0.0,5,,,,risk_on,,0,0.0,15.0,100000.0,0.0,0.0,0.0,0.0
2025-01-10,AAPL,240.01,240.16,233.0,236.85,61710856.0,-0.02410383189122367,-0.024399083362794727,-0.029005699810006336,14616216243.6,,,,0.030230103440996272,0.0,0.0,2,,,,risk_on,,0,0.0,15.0,100000.0,0.0,0.0,0.0,0.0
2025-01-13,AAPL,233.53,234.67,229.72,234.4,49630725.0,-0.010344099641123039,-0.010397971666902706,-0.05017064846416386,11633441940.0,,,,0.021117747440272897,0.6666666666666666,2.0,3,,,,risk_on,,0,0.0,15.0,100000.0,0.0,0.0,0.0,0.0
2025-01-14,AAPL,234.75,236.12,232.472,233.28,39435294.0,-0.004778156996587013,-0.004789608882564522,-0.04050925925925919,9199465384.32,,,,0.015637860082304444,0.4,2.0,5,,,,risk_on,,0,0.0,15.0,100000.0,0.0,0.0,0.0,0.0
2025-01-15,AAPL,234.635,238.96,234.43,237.87,39831969.0,0.01967592592592604,0.01948485713212378,-0.059738512632950824,9474830466.03,,,,0.019044015638794223,0.25,1.0,4,,,,risk_on,,0,0.0,15.0,100000.0,0.0,0.0,0.0,0.0
2025-01-16,AAPL,237.35,238.01,228.03,228.26,71759052.0,-0.040400218606802096,-0.04123897582696312,-0.02400771050556383,16379721209.519999,,,,0.04372207132217623,0.2857142857142857,2.0,7,,,,risk_on,,0,0.0,15.0,100000.0,0.0,0.0,0.0,0.0
2025-01-17,AAPL,232.115,232.29,228.48,229.98,68488301.0,0.00753526680101646,0.007507018495064521,-0.0005217845030001111,15750939463.98,,,,0.016566657970258223,0.6666666666666666,2.0,3,,,,risk_on,,0,0.0,15.0,100000.0,0.0,0.0,0.0,0.0
2025-01-21,AAPL,224.0,224.42,219.38,222.64,98070429.0,-0.031915818766849346,-0.03243623140288321,0.07015810276679835,21834400312.559998,,,,0.02263744160977349,0.2,1.0,5,,,,risk_on,,0,0.0,15.0,100000.0,0.0,0.0,0.0,0.0
2025-01-22,AAPL,219.79,224.12,219.79,223.83,64126500.0,0.005344951491196737,0.005330717933897056,0.06938301389447354,14353434495.0,,,,0.019345038645400495,0.0,0.0,5,,,,risk_on,,0,0.0,15.0,100000.0,0.0,0.0,0.0,0.0
2025-01-23,AAPL,224.74,227.03,222.3,223.66,60234760.0,-0.0007595049814592691,-0.0007597935514898069,0.06228203523204878,13472106421.6,,,,0.021148171331485152,0.8,4.0,5,,,,risk_on,,0,0.0,15.0,100000.0,0.0,0.0,0.0,0.0
2025-01-24,AAPL,224.78,225.63,221.41,222.78,54697907.0,-0.003934543503532173,-0.0039423041829991234,0.05934105395457401,12185599721.460001,,,,0.018942454439357125,1.0,1.0,1,,,,risk_on,,0,0.0,15.0,100000.0,0.0,0.0,0.0,0.0
2025-01-27,AAPL,224.02,232.15,223.98,229.86,94863418.0,0.0317802316186373,0.03128569052356944,-0.008048377273122909,21805305261.48,,,,0.03554337422779074,0.1428571428571428,1.0,7,,,,risk_on,,0,0.0,15.0,100000.0,0.0,0.0,0.0,0.0
2025-01-28,AAPL,230.85,240.19,230.81,238.26,75707569.0,0.03654398329417896,0.03589208643060182,-0.02291614202971537,18038085389.94,,,,0.03936875682028018,-0.2,-1.0,5,,,,risk_on,,0,0.0,15.0,100000.0,0.0,0.0,0.0,0.0
2025-01-29,AAPL,234.12,239.855,234.01,239.36,45486100.0,0.004616805170821969,0.00460618041489802,-0.028785093582887722,10887552896.0,,,,0.02441928475935818,0.5,3.0,6,,,,risk_on,,0,0.0,15.0,100000.0,0.0,0.0,0.0,0.0
2025-01-30,AAPL,238.665,240.79,237.21,237.59,55658279.0,-0.007394719251336945,-0.007422195725416358,-0.01839303000968051,13223850507.61,,,,0.015067974241339993,0.6,3.0,5,,,,risk_on,,0,0.0,15.0,100000.0,0.0,0.0,0.0,0.0
2025-01-31,AAPL,247.19,247.19,233.44,236.0,101075128.0,-0.006692200850204166,-0.006714694035085955,-0.035466101694915264,23853730208.0,60014580.15,14007964773.154501,,0.058262711864406534,0.375,3.0,8,,,,risk_on,,1,0.0,15.0,100000.0,0.0,0.0,0.0,0.0
2025-02-03,AAPL,229.99,231.83,225.7,228.01,73063301.0,-0.033855932203389894,-0.03444231738385284,-0.0015788781193806223,16659163261.01,60880708.65,14161304073.4875,,0.026884785755010732,-0.5,-1.0,2,,,,risk_on,,1,0.0,15.0,100000.0,0.0,0.0,0.0,0.0
2025-02-04,AAPL,227.25,233.13,226.65,232.8,45067301.0,0.021007850532871464,0.020790228215525453,-0.000773195876288657,10491667672.800001,61121868.0,14196197077.9755,0.02000242184232485,0.027835051546391588,-1.0,-3.0,3,,,,risk_off,,1,0.15746612918035904,21.667473947441618,100000.0,0.0,0.0,0.0,0.0
2025-02-05,AAPL,228.53,232.67,228.27,232.47,39664989.0,-0.0014175257731959823,-0.0014185314133143834,0.01892717339871819,9220919992.83,60852838.9,14105434832.866999,0.02000284670202463,0.018927173398717936,-0.3333333333333333,-1.0,3,,,,risk_off,,1,0.15746278460579097,21.667615567341542,100000.0,0.0,0.0,0.0,0.0
2025-02-06,AAPL,231.285,233.8,230.425,233.22,29925349.0,0.003226222738417883,0.003221029648218021,0.035631592487779695,6979189893.78,60306308.35,13959608223.976002,0.019940822471814713,0.014471314638538657,0.3333333333333333,2.0,6,,,,risk_on,,1,0.15795255918834333,21.646940823938237,100000.0,0.0,0.0,0.0,0.0
2025-02-07,AAPL,232.6,234.0,227.26,227.63,39707224.0,-0.023968784838350077,-0.024260710332889346,0.07455080613275933,9038555399.119999,60410222.55,13954908807.032001,0.020415457529475926,0.029609453938408734,0.375,3.0,8,,,,risk_off,,1,0.154280350425456,21.80515250982531,99966.35893429704,0.154280350425456,0.154280350425456,33.6410657029636,-0.0003364106570296066
2025-02-10,AAPL,229.57,230.585,227.2,227.65,33115645.0,8.786188112286375e-05,8.78580214935809e-05,0.07388535031847132,7538776584.25,58980462.0,13601036824.0645,0.020397181312240775,0.014869316933889763,0.0,0.0,1,,,,risk_off,,1,0.15441858821215446,21.799060437413594,99967.71401446107,0.154280350425456,0.0,0.0,1.3555361808581523e-05
2025-02-11,AAPL,228.2,235.23,228.13,232.62,53718362.0,0.021831759279595797,0.021596859130101898,0.05266099217608122,12495965368.44,59184843.85,13644162995.4865,0.020466350566142193,0.03052188117960607,-0.3333333333333333,-1.0,3,,,,risk_off,,1,0.1538967062820748,21.82211685538073,100304.42641564024,0.154280350425456,0.0,0.0,0.003368211472060345
2025-02-12,AAPL,231.2,236.96,230.68,236.87,45243292.0,0.018270140142722102,0.01810524652359735,0.03782665597163004,10716778576.04,59475243.75,13720028655.0725,0.020739906896616273,0.026512432980115568,0.6,3.0,5,,,,risk_off,,1,0.15186683129505446,21.91330229887209,100587.15687192375,0.154280350425456,0.0,0.0,0.002818723623541297
2025-02-13,AAPL,236.91,242.3399,235.57,241.53,53614054.0,0.01967323848524516,0.01948222154550905,0.016643895168302114,12949402462.62,60164348.0,13893757254.901999,0.021099925430137122,0.02802923032335519,0.5,2.0,4,,,,risk_off,,1,0.1492755958864586,22.033308476712374,100892.45841976405,0.154280350425456,0.0,0.0,0.0030351941275070793
2025-02-14,AAPL,241.25,245.55,240.99,244.6,40896227.0,0.012710636359872352,0.012630534273072591,0.010220768601798769,10003217124.199999,58621206.75,13574932050.636,0.02085939267255087,0.018642681929681045,0.25,1.0,4,,,,risk_off,,1,0.15099691497194423,21.95313089085029,101089.57999916431,0.15099691497194423,0.003283435453511757,0.7286760118316061,0.001953779127674027
2025-02-18,AAPL,244.15,245.18,241.84,244.47,48822491.0,-0.0005314799672935244,-0.0005316212528336806,0.010512537325643168,11935634374.77,57637916.25,13384166796.1755,0.018536577470527133,0.013662208041886488,-0.25,-1.0,4,,,,risk_on,,1,0.16991831133614282,21.17885915684238,101081.46737482646,0.15099691497194423,0.0,0.0,-8.025183543070025e-05
2025-02-19,AAPL,244.66,246.01,243.1604,244.87,32204215.0,0.001636192579866691,0.0016348554750962307,-0.018417936047698702,7885846127.05,54344605.55,12686739086.9,0.018516038555114495,0.011637195246457179,0.2857142857142857,2.0,7,,,,risk_on,,1,0.17010679321973815,21.17201285170483,101106.44056537653,0.15099691497194423,0.0,0.0,0.00024706003185981373
2025-02-20,AAPL,244.94,246.78,244.29,245.83,32316907.0,0.0039204475844325515,0.003912782656568581,-0.034698775576618046,7944465247.81,52754125.9,12366290624.5405,0.01668281776917126,0.010128950901029162,0.8,4.0,5,,,,risk_on,,1,0.18879927751557676,20.56093925639042,101166.29310012885,0.15099691497194423,0.0,0.0,0.0005919754905585606
2025-02-21,AAPL,245.95,248.69,245.22,245.55,53197431.0,-0.0011389984948948495,-0.001139647646649422,-0.015108939116269648,13062629182.050001,52402259.45,12345816762.563,0.016733351427835257,0.014131541437589023,0.125,1.0,8,,,,risk_on,,1,0.1882291156871393,20.57778380927842,101141.14440402614,0.1882291156871393,0.03723220071519506,7.7495849932569945,-0.0002485876998361558
2025-02-24,AAPL,244.925,248.86,244.42,247.1,51326396.0,0.006312360008144946,0.006292520509310506,-0.03670578713071626,12682752451.6,52233683.9,12370674399.07,0.01669220332747703,0.01796843383245653,0.25,1.0,4,,,,risk_on,,1,0.18869312097096455,20.564067775825677,101261.31727172996,0.1882291156871393,0.0,0.0,0.0011881699422320313
2025-02-25,AAPL,248.0,250.0,244.91,247.04,48013272.0,-0.00024281667341163882,-0.00024284615815250987,-0.044972474093264214,11861198714.88,49891176.6,11873469071.74,0.016613879068967666,0.020603950777202003,-1.0,-1.0,1,,,,risk_on,,1,0.18958269340161227,20.53795968965589,101256.68910624148,0.1882291156871393,0.0,0.0,-4.570516771040811e-05
2025-02-26,AAPL,244.33,244.98,239.13,240.36,44433564.0,-0.027040155440414382,-0.027412467370684368,-0.01922116824762854,10680051443.04,48327476.35,11505567374.395,0.016841556212974926,0.02433849226160746,-0.5,-2.0,4,,,,risk_on,,1,0.18701976835828227,20.61385207099164,100741.31842505703,0.1882291156871393,0.0,0.0,-0.0050897445465919455
2025-02-27,AAPL,239.41,242.46,237.06,237.3,41153639.0,-0.01273090364453322,-0.012812636024009727,-0.00830172777075433,9765758534.7,48110853.3,11449477656.33,0.015177156414277226,0.02275600505688994,1.0,1.0,1,,,,risk_on,,1,0.20752925355507426,20.059052138092408,100499.90931040513,0.1882291156871393,0.0,0.0,-0.002396326734908638
2025-02-28,AAPL,236.95,242.09,230.2,241.84,56833360.0,0.01913190054782965,0.01895118702948473,-0.011453853787628199,13744579782.4,48169607.35,11475514120.0695,0.015722565340282695,0.04916473701620892,0.0,0.0,6,,,,risk_on,,1,0.20033015437205542,20.240855113427564,100859.35718341466,0.20033015437205542,0.012101038684916132,2.470462914840755,0.0035765989788043573
2025-03-03,AAPL,241.79,244.0272,236.112,238.03,47183985.0,-0.015754217664571635,-0.01587963432324635,-0.04432214426752934,11231203949.55,45475050.2,10844387807.147,0.016038007610250756,0.03325295130865843,0.1666666666666666,1.0,6,,,,risk_on,,1,0.19638997675312325,20.34600253675025,100541.04052792037,0.20033015437205542,0.0,0.0,-0.0031560448567545807
2025-03-04,AAPL,237.705,240.07,234.68,235.93,53798062.0,-0.008822417342351785,-0.008861565289334017,-0.06395964904844653,12692576767.66,44511788.25,10646058482.4795,0.01609050504862389,0.022845759335395937,0.2,1.0,5,,,,risk_on,,1,0.19574922802146177,20.36350168287463,100363.34467211926,0.20033015437205542,0.0,0.0,-0.0017673962281280486
2025-03-05,AAPL,235.42,236.55,229.23,235.74,47227643.0,-0.0008053236129360597,-0.0008056480601981164,-0.07957919742088748,11133444560.82,44619805.35,10678147326.8805,0.01409474822253319,0.031051158055484817,0.25,1.0,4,,,,risk_on,,1,0.22346649205894628,19.698249407511064,100347.15299313406,0.20033015437205542,0.0,0.0,-0.00016133060369893926
2025-03-06,AAPL,234.435,237.86,233.1581,235.33,45170419.0,-0.0017392042080257575,-0.0017407183795548065,-0.10899587812858536,10629954703.27,44895076.85,10748599062.4025,0.013391954421378457,0.01998002804572304,-0.25,-1.0,4,,,,risk_on,,1,0.23519374712890903,19.463984807126153,100312.19053505965,0.20033015437205542,0.0,0.0,-0.0003484150474782899
2025-03-07,AAPL,235.105,241.37,234.76,239.07,46273565.0,0.01589257638210162,0.015767611658897174,-0.10699795039109883,11062621184.55,45712487.65,10952770626.941,0.013788397418622303,0.02764880578909937,0.5,2.0,4,,,,risk_on,,1,0.2284314736598497,19.5961324728741,100626.01915314827,0.2284314736598497,0.028101319287794274,5.541550360693333,0.0031285192399315154
2025-03-10,AAPL,235.54,236.16,224.22,227.48,72071197.0,-0.048479524825364995,-0.049694073639167335,-0.05925795674344991,16394755893.56,47330686.3,11320580651.663,0.01755317222938406,0.052488130824687645,1.0,2.0,2,,,,risk_on,,1,0.1794378759909247,20.851057409794684,99511.66153116213,0.2284314736598497,0.0,0.0,-0.011074249298187344
2025-03-11,AAPL,223.805,225.8399,217.45,220.84,76137410.0,-0.029189379286091,-0.029623865022754714,-0.03690454627784823,16814185624.4,49481774.55,11784351103.6705,0.017927163944635442,0.0379908531063212,0.0,0.0,2,,,,risk_on,,1,0.17569449085593283,20.97572131487848,98848.14036862933,0.2284314736598497,0.0,0.0,-0.006667772925538107
2025-03-12,AAPL,220.14,221.75,214.91,216.98,62547467.0,-0.017478717623618967,-0.01763327402153969,-0.008019172273942221,13571549389.66,49923229.8,11838130304.7315,0.01826647756290643,0.03152364273204891,-0.25,-1.0,4,,,,risk_on,,1,0.17243083297787173,21.088825854302144,98453.47046372283,0.2284314736598497,0.0,0.0,-0.00399268922444751
2025-03-13,AAPL,215.95,216.8394,208.42,209.68,61368330.0,-0.03364365379297618,-0.034222624379153466,0.021079740557039317,12867711434.4,50729481.7,11945676947.6495,0.018636663702181883,0.04015356734070958,0.5,1.0,2,,,,risk_on,,1,0.16900578301334102,21.212221234060628,97696.82901834461,0.2284314736598497,0.0,0.0,-0.007685269415231177
2025-03-14,AAPL,211.25,213.95,209.58,213.49,60107582.0,0.018170545593285015,0.018007434149081902,0.022389807485128088,12832367681.18,51054158.1,11939825208.5775,0.01863052055875971,0.020469342826361682,0.5,1.0,2,,,,risk_on,,1,0.16906151021435795,21.21017351958657,98089.98813065208,0.16906151021435795,0.05936996344549175,12.353510162733302,0.004024277105592056
2025-03-17,AAPL,213.31,215.22,209.97,214.0,48073426.0,0.0023888706730994524,0.002386021857618381,0.031448598130841,10287713164.0,51413018.05,11954050010.567501,0.017862687407676932,0.024532710280373717,0.0,0.0,2,,,,risk_on,,1,0.176328671596744,20.954229135892312,98129.60335000868,0.16906151021435795,0.0,0.0,0.00040386608370091004
2025-03-18,AAPL,214.16,215.15,211.49,212.69,42432426.0,-0.006121495327102822,-0.006140308495397484,0.05200056420141985,9024952685.94,51093514.8,11808515926.126,0.01736363379988294,0.01720814330716056,-0.2,-1.0,5,,,,risk_on,,1,0.1813965888732803,20.787877933294315,98028.04811631613,0.16906151021435795,0.0,0.0,-0.0010349092447701214
2025-03-19,AAPL,214.22,218.76,213.75,215.24,54385391.0,0.011989280173021921,0.01191797809476558,0.02922319271510876,11705911558.84,52202573.6,11999519197.7155,0.01778819953990015,0.023276342687232707,0.5,2.0,4,,,,risk_on,,1,0.1770670457501086,20.929399846633384,98226.74369738562,0.16906151021435795,0.0,0.0,0.0020269258124341327
2025-03-20,AAPL,213.99,217.4899,212.22,214.1,48862947.0,-0.005296413306076997,-0.005310489025582399,0.04553946753853344,10461556952.699999,53029875.6,12125373782.960001,0.017705627545179573,0.024614198972442703,1.0,2.0,2,,,,risk_on,,1,0.17789281592569586,20.90187584839319,98138.78954266751,0.16906151021435795,0.0,0.0,-0.0008954196322448205
2025-03-21,AAPL,211.56,218.84,211.28,218.27,94127768.0,0.019476879962634364,0.019289632955349134,-0.0016951482109314187,20545267921.36,55076392.45,12499505719.925499,0.01846056170650194,0.034636001282814716,0.0,0.0,2,,,,risk_on,,1,0.17061799049344267,21.15352056883398,98461.61585387391,0.17061799049344267,0.0015564802790847265,0.3241863077854397,0.003289487395460977
2025-03-24,AAPL,221.0,221.48,218.58,220.73,44299483.0,0.011270444861868123,0.01120740660213393,0.006342590495175049,9778224882.59,54725046.8,12354279341.475,0.01880198798946805,0.013138223168576832,1.0,2.0,2,,,,risk_on,,1,0.16751972948327962,21.267329329822683,98650.9516978873,0.17061799049344267,0.0,0.0,0.001922940654299099
2025-03-25,AAPL,220.77,224.1,220.08,223.75,34493583.0,0.013681873782449117,0.0135891220018447,-0.0025027932960893784,7717939196.25,54049062.35,12147116365.543499,0.019088144868311965,0.017966480446927214,0.0,0.0,1,,,,risk_on,,1,0.165008384181553,21.36271495610399,98881.23989595579,0.17061799049344267,0.0,0.0,0.0023343738109464773
2025-03-26,AAPL,223.51,225.02,220.47,221.53,34532656.0,-0.009921787709497254,-0.009971336660380636,0.010653184670247784,7650019283.68,53554016.95,11995614757.5755,0.019096047455083958,0.020538978919333685,0.0,0.0,1,,,,risk_on,,1,0.16494009816178015,21.36534915169465,98713.85022464505,0.17061799049344267,0.0,0.0,-0.0016928354810969992
2025-03-27,AAPL,221.39,224.99,220.5601,223.85,37094774.0,0.01047262221820966,0.010418164192390833,-0.0922939468394014,8303665159.9,53351073.7,11922510088.835499,0.018681379252557858,0.019789591244136626,0.0,0.0,4,,,,risk_on,,1,0.1686012525714504,21.227126417519287,98890.23388519371,0.17061799049344267,0.0,0.0,0.0017868177580679934
2025-03-28,AAPL,221.67,223.81,217.68,217.9,39818617.0,-0.026580299307571997,-0.026939942736400546,-0.13547498852684725,8676476644.300001,52500336.55,11669104931.9305,0.01926932662573749,0.028132170720513848,0.0,0.0,0,,,,risk_on,,1,0.16345687646067458,21.42310887524583,98440.24880703859,0.16345687646067458,0.00716111403276809,1.5102277630659324,-0.004550349013002997
2025-03-31,AAPL,217.005,225.62,216.23,222.13,65299321.0,0.01941257457549339,0.019226554118956685,-0.1830909827578444,14504938173.73,53406103.35,11832791643.1395,0.01928617174071955,0.04227254310538862,0.75,3.0,4,,,,risk_on,,1,0.16331410837193175,21.428723913573183,98752.61141161539,0.16345687646067458,0.0,0.0,0.0031731188041701497
2025-04-01,AAPL,219.805,223.68,218.9,223.19,36412740.0,0.004771980371854223,0.004760630566562618,-0.22747434920919396,8126959440.6,52536837.25,11604510776.7865,0.019173075872920584,0.02141673014023917,0.0,0.0,4,,,-0.49220533304420105,risk_on,,1,0.16427744628039037,21.39102529097353,98829.63973290425,0.16345687646067458,0.0,0.0,0.0007800130061148547
2025-04-02,AAPL,221.315,225.19,221.02,223.89,35905904.0,0.003136341233926254,0.0031314331753122815,-0.1118406360266202,8038972846.559999,51970750.3,11449787191.0735,0.01916545210454842,0.018625217740854745,-0.2,-1.0,5,,,-0.9115272824494712,risk_on,,1,0.164342793718707,21.388484034849476,98880.30539421854,0.16345687646067458,0.0,0.0,0.0005126565416124773
2025-04-03,AAPL,205.54,207.49,201.25,203.19,103419006.0,-0.09245611684309252,-0.09701335791648358,-0.06284758108174615,21013707829.14,54883179.65,11968974847.367,0.0274496280716219,0.030710172744721584,-0.25,-1.0,4,,,-0.9941269773147647,risk_off,,1,0.11474486770914764,24.149876023873965,97385.96807067313,0.16345687646067458,0.0,0.0,-0.01511258806885496
2025-04-04,AAPL,193.89,199.88,187.34,188.38,125910913.0,-0.07288744524828983,-0.07568030250025082,0.051863255122624574,23719097790.94,58865047.05,12601798677.686499,0.030974068443093878,0.06656757617581445,-0.4,-2.0,5,,,-1.2836815550755922,risk_off,,1,0.10168841550570773,25.0,96210.8568278626,0.10168841550570773,0.06176846095496685,14.859285971602732,-0.012066535519344446
2025-04-07,AAPL,177.2,194.15,174.62,181.46,160466286.0,-0.03673426053721196,-0.0374259556531884,0.11605863551195861,29118212257.56,63284801.5,13237971495.8865,0.03089765162941634,0.10762702523972166,-0.25,-1.0,4,,,-0.939562604601073,risk_off,,1,0.10193991373586661,25.0,95851.46610310371,0.10168841550570773,0.0,0.0,-0.0037354487488029386
2025-04-08,AAPL,186.7,190.335,169.2101,172.42,120859491.0,-0.049818141739226385,-0.051101882959704525,0.17236979468739122,20838593438.219997,65520905.55,13439191886.5775,0.030976714001900628,0.12252000927966522,0.2,1.0,5,,3.0,0.03435088365035496,risk_off,,1,0.10167973083104634,25.0,95365.88948701316,0.10168841550570773,0.0,0.0,-0.005065927896900746
2025-04-09,AAPL,171.95,200.61,171.89,198.85,184395885.0,0.15328848161466202,0.14261741087192092,-0.02303243650993203,36667121732.25,71613326.45,14593970503.707,0.04736160548230933,0.14443047523258679,-0.25,-2.0,8,,1.5643161589174015,-0.9168938649695317,risk_off,,1,0.06650331866220303,25.0,96852.42081597642,0.10168841550570773,0.0,0.0,0.01558766281067081
2025-04-10,AAPL,189.065,194.7799,183.0,190.42,121879981.0,-0.042393764143827006,-0.043318612796154454,0.034450162798025374,23208385982.019997,74638909.0,15111004231.088001,0.04802496231678875,0.06186272450372827,-0.3333333333333333,-1.0,3,,0.7406499786149907,-1.0643345915162725,risk_off,,1,0.0655847248971703,25.0,96434.89441695235,0.10168841550570773,0.0,0.0,-0.004310954703108494
2025-04-11,AAPL,186.1,199.54,186.06,198.15,87435915.0,0.040594475370234306,0.03979216077889891,-0.02518294221549333,17325426557.25,76005325.65,15335657174.891499,0.04855082146584596,0.06802927075447854,0.3333333333333333,2.0,6,,-1.1362979740730845,0.3800907093185661,risk_off,,1,0.064874369715027,25.0,96824.06445811117,0.064874369715027,0.03681404579068073,8.912034076578278,0.004035572844370838
2025-04-14,AAPL,211.44,212.94,201.1621,202.52,101352911.0,0.022053999495331933,0.021814327465264682,-0.013727039304760047,20525991535.72,78669299.9,15847571093.477499,0.04863720173572641,0.0581567252617022,0.3333333333333333,2.0,6,,-2.0723852030589116,0.3781518388123026,risk_off,,1,0.06475915203464405,25.0,96962.5944539588,0.064874369715027,0.0,0.0,0.001430739316955254
2025-04-15,AAPL,201.855,203.51,199.8,202.14,51343872.0,-0.001876357890578828,-0.0018781204551920894,0.012169783318492167,10378650286.08,79114872.2,15915255973.484497,0.04862943680859582,0.018353616305530628,-0.2,-1.0,5,,-2.7231750117363847,-0.7513002101214143,risk_off,,1,0.06476949248128683,25.0,96950.79143629916,0.064874369715027,0.0,0.0,-0.00012172753551098481
2025-04-16,AAPL,198.36,200.7,192.37,194.27,59732423.0,-0.03893341248639548,-0.03971158259582719,0.07257939980439598,11604217816.210001,79382223.8,15910171286.353,0.04930388475409809,0.04287846811139106,0.0,0.0,3,,0.18747463544457213,-0.3076549622357584,risk_off,,1,0.06388348418086387,25.0,96705.91500853123,0.064874369715027,0.0,0.0,-0.002525780595910132
2025-04-17,AAPL,197.2,198.8335,194.42,196.98,52164675.0,0.013949657692901463,0.0138532566908669,0.06244288760280248,10275397681.5,79547310.2,15900863322.793,0.04933588469133244,0.022405828002842812,0.3333333333333333,1.0,3,,-0.6490484299277013,0.406427642086592,risk_off,,1,0.06384204846937538,25.0,96793.43146819742,0.064874369715027,0.0,0.0,0.0009049752505674302
2025-04-21,AAPL,193.265,193.8,189.8112,193.16,46742537.0,-0.019392831759569518,-0.019583339736215066,0.08790639884033946,9028788446.92,77178048.65,15325039349.071,0.04946320760679719,0.020650238144543264,0.5,1.0,2,,0.24731107774874536,0.7900122691772488,risk_off,,1,0.06367771307477299,25.0,96671.65587107292,0.064874369715027,0.0,0.0,-0.0012580977373916058
2025-04-22,AAPL,196.12,201.59,195.97,199.74,52976371.0,0.03406502381445442,0.03349765980964747,0.057424652047662006,10581500343.54,77611893.05,15365203122.1185,0.04990627209738634,0.02813657755081594,-0.5,-2.0,4,,0.07881234599623654,-1.3806824454186786,risk_off,,1,0.06311238666749695,25.0,96885.29510204803,0.064874369715027,0.0,0.0,0.00220994694929022
2025-04-23,AAPL,206.0,208.0,202.799,204.6,52929165.0,0.024331631120456443,0.024040332702537803,0.03861192570869987,10829307159.0,78533672.15,15520771520.256,0.05017448659463476,0.02542033235581607,0.25,1.0,4,,-0.3047341288644131,0.294155216741621,risk_off,,1,0.06277501087734823,25.0,97038.22846606316,0.064874369715027,0.0,0.0,0.0015784992330780678
2025-04-24,AAPL,204.89,208.8299,202.94,208.37,47310989.0,0.01842619745845564,0.0182584920645823,0.02375581897586021,9858190777.93,79172588.8,15631180094.9685,0.05026131301853617,0.02826654508806442,0.2,1.0,5,,-1.205196869825258,0.16808117018312893,risk_off,,1,0.06266656703898607,25.0,97154.2267947078,0.064874369715027,0.0,0.0,0.001195387946361981
2025-04-25,AAPL,206.365,209.75,206.2,209.28,38222258.0,0.004367231367279345,0.004357722686725296,-0.018778669724770714,7999154154.24,79228963.0,15615954544.685501,0.05024846673199508,0.01696292048929661,0.5,3.0,6,,-1.0577462406187887,0.842010444425746,risk_off,,1,0.06268258807861346,25.0,97181.2201615924,0.06268258807861346,0.0021917816364135367,0.5325029522115778,0.0002778403758143533
2025-04-28,AAPL,210.0,211.5,207.46,210.14,38743074.0,0.004109327217125314,0.004100906991794773,-0.05353573807937562,8141469570.36,79175185.85,15589204190.988499,0.05019160049112428,0.019225278385837884,-0.5,-1.0,2,,-1.4205826794869199,-1.3548471587239683,risk_off,,1,0.06275360639875477,25.0,97206.25241760079,0.06268258807861346,0.0,0.0,0.0002575832652313981
2025-04-29,AAPL,208.693,212.24,208.37,211.21,36827633.0,0.005091843532882834,0.005078923935421642,-0.060129728706027286,7778364365.93,77751601.45,15252875500.5985,0.04988582529658159,0.01832299607026176,0.0,0.0,4,,-0.9694898798167622,-0.22518817403428923,risk_off,,1,0.0631382546648856,25.0,97237.27773045168,0.06268258807861346,0.0,0.0,0.0003191699307325546
2025-04-30,AAPL,209.3,213.58,206.6705,212.5,52286454.0,0.006107665356754,0.006089089168421324,-0.07647058823529407,11110871475.0,78545287.15,15402071102.3185,0.04970674109666402,0.03251529411764695,0.0,0.0,6,0.0026073609226878675,-0.6761586352971193,-0.24760165633213885,risk_off,-0.4546940402601618,1,0.04920289346005129,25.0,97274.50446522447,0.06268258807861346,0.0,0.0,0.000382844271679339
2025-05-01,AAPL,209.08,214.56,208.9,213.32,57365675.0,0.0038588235294116924,0.003851397367929721,-0.0742077629851865,12237245791.0,79618275.7,15611984749.5405,0.04970187351437138,0.026532908306769035,0.2,1.0,5,0.01267559569215081,-0.44457166539242826,0.17115282482651678,risk_off,-0.22997731513172343,1,0.056116830513217614,25.0,97298.03332409053,0.06268258807861346,0.0,0.0,0.0002418810457622822
2025-05-02,AAPL,206.09,206.99,202.16,205.35,101010621.0,-0.03736171010688172,-0.038077545329834095,-0.03321158996834672,20742531022.35,79497856.45,15598425909.201,0.050315037053464545,0.023520818115412657,-0.2857142857142857,-2.0,7,0.7719880064183466,0.18580033751955888,-1.0025074486991472,risk_off,0.0653763140555752,1,0.06464519344869338,25.0,97069.69199281551,0.06464519344869338,0.0019626053700799173,0.47627608379775743,-0.0023468237072628018
2025-05-05,AAPL,203.1,204.1,198.21,198.89,69018452.0,-0.0314584855125396,-0.03196393232741279,0.05983206797727392,13727079918.279999,76653233.4,15098825015.567999,0.046504996586515246,0.029614359696314332,0.0,0.0,3,1.3341973191910095,0.6878519646978897,-0.3000241906038509,risk_off,0.6195458045361656,1,0.08806238856783641,25.0,96872.28719588807,0.06464519344869338,0.0,0.0,-0.0020336398815611334
2025-05-06,AAPL,198.21,200.65,197.02,198.51,51216482.0,-0.0019106038513750923,-0.0019124313830767292,0.0726411767669135,10166983841.82,71190743.2,14151263594.781,0.04342212058420913,0.018286232431615423,-0.2857142857142857,-2.0,7,1.7545827295908933,0.7759605191442305,-0.9591574930023402,risk_off,0.6246613588042489,1,0.0944833059397992,25.0,96860.32236837877,0.06464519344869338,0.0,0.0,-0.00012351135557597814
2025-05-07,AAPL,199.17,199.44,193.25,196.25,68616943.0,-0.011384816885799176,-0.011450120029560473,0.08193630573248423,13466075063.75,68578615.8,13782637676.0575,0.04259656240401265,0.03154140127388518,0.0,0.0,4,2.1875824609511745,0.9888206261754177,-0.2721024316068421,risk_off,0.9763883815741172,1,0.10742259384130357,25.0,96789.03571951455,0.06464519344869338,0.0,0.0,-0.0007359736899604785
2025-05-08,AAPL,197.72,200.05,194.6796,197.49,50478872.0,0.006318471337579679,0.006298593485377424,0.07068712339865302,9969072431.28,61882765.15,12447735211.008999,0.04073428184906233,0.02719327560889154,-0.4285714285714285,-3.0,7,0.4071227444590637,0.9312011842191799,-1.2929281558347636,risk_off,0.38155962825636786,1,0.09189846968297065,25.0,96828.57005308331,0.06464519344869338,0.0,0.0,0.00040845880191775485
2025-05-09,AAPL,199.0,200.5399,197.535,198.53,36453923.0,0.005266089422249154,0.005252272061092356,0.06412129149246959,7237197333.19,57611462.25,11649175778.567501,0.023252249202764783,0.015135747745932489,-0.25,-2.0,8,1.0034210716402092,0.3273424491640234,-0.8364549911063524,risk_off,0.2297986856051854,1,0.15095394040795534,22.750749734254928,96842.51352725676,0.15095394040795534,0.08630874695926197,19.019621214363227,0.00014400165329098158
2025-05-12,AAPL,210.97,211.2679,206.75,210.79,63775814.0,0.06175389109958185,0.05992215500281617,-0.00953555671521411,13443303833.06,56428457.2,11455069642.358,0.024774148599658093,0.02143317994212238,0.625,5.0,8,1.2406187051540205,-1.005038683355475,1.2581611053559487,risk_off,-0.10326724791129105,1,0.12057801594977677,23.258049533219364,97745.27877953877,0.15095394040795534,0.0,0.0,0.009321993197005662
2025-05-13,AAPL,210.43,213.4,209.0,212.93,51909332.0,0.010152284263959421,0.010101095986503772,-0.02850702108674208,11053054062.76,53956278.25,10981422768.710001,0.023451275849715427,0.020664068003569177,1.0,1.0,1,1.1003600044300303,-1.1901632376266318,2.049893989163833,risk_off,-0.0840471438572063,1,0.12866762610529803,22.81709194990514,97895.07608906207,0.15095394040795534,0.0,0.0,0.0015325273137862805
2025-05-14,AAPL,212.43,213.94,210.5801,212.33,49325825.0,-0.002817827455032118,-0.002821805004604272,-0.04822681674751572,10473352422.25,53855375.9,10986157875.5185,0.023103039451817433,0.01582395328027125,0.6666666666666666,4.0,6,1.0941704427601053,-1.3185657377711522,1.236115426121085,risk_off,-0.3250822688864532,1,0.11436629014638967,22.70101315060581,97853.435228266,0.15095394040795534,0.0,0.0,-0.0004253621577268163
2025-05-15,AAPL,210.95,212.96,209.54,211.45,45029473.0,-0.004144492064239724,-0.0041531042752049885,-0.047718136675336864,9521482065.85,53120228.4,10882021088.0005,0.023129845919776574,0.016174036415228188,0.6666666666666666,4.0,6,1.5662859348519649,-1.1478273976863118,1.2074908540647216,risk_off,-0.13394108082844974,1,0.12706878235193397,22.709948639925525,97792.21543721178,0.15095394040795534,0.0,0.0,-0.000625627408086471
2025-05-16,AAPL,212.36,212.57,209.77,211.26,54737850.0,-0.000898557578623782,-0.0008989615234815673,-0.0756887247940925,11563918191.0,53248887.15,10946447113.4755,0.021134520014932344,0.013253810470510129,0.3333333333333333,1.0,3,1.3878175885047255,-1.0421476809582415,0.4785982455548225,risk_off,-0.2520054417630352,1,0.13035165942979868,22.04484000497745,97774.50995657152,0.13035165942979868,0.020602280978156667,4.440865602768794,-0.00018105204551410736
2025-05-19,AAPL,207.91,209.48,204.26,208.78,46140527.0,-0.011739089273880454,-0.011808536414863902,-0.04104799310278762,9633219227.06,53218786.65,10976668652.4825,0.021285550144071144,0.02500239486540844,0.6666666666666666,2.0,3,1.5032341281293882,-0.00273707082985621,1.2110060320167713,risk_off,0.5412057895313181,1,0.18706637999005524,22.09518338135705,97624.89444646795,0.13035165942979868,0.0,0.0,-0.0015302097670448767
2025-05-20,AAPL,207.67,208.47,205.03,206.86,42496635.0,-0.009196283168885877,-0.00923883003049486,-0.031132166682780738,8790853916.1,52694799.85,10887136331.1105,0.020861573283152673,0.01662960456347279,0.0,0.0,4,0.9785019516994498,0.2577481000197227,-0.29756123818980484,risk_off,0.2908370027137626,1,0.17278311886507927,21.95385776105089,97507.86652891795,0.13035165942979868,0.0,0.0,-0.0011987507716505474
2025-05-21,AAPL,205.17,207.04,200.71,202.09,59211774.0,-0.0230590737696994,-0.023329093219500052,-0.010589341382552409,11966107407.66,53008930.3,10943976343.543499,0.02039217347695585,0.03132267801474567,0.0,0.0,4,0.39556819022261563,0.5232888832846437,-0.35609530822815705,risk_off,0.321867906369678,1,0.17910140748359407,21.797391158985285,97214.77850204309,0.13035165942979868,0.0,0.0,-0.003005788530794473
2025-05-22,AAPL,200.71,202.75,199.7,201.36,46742407.0,-0.003612251966945368,-0.003618791903097218,-0.002532777115613949,9412051073.52,52980501.2,10921669358.323,0.01967578872032614,0.015147000397298351,1.0,1.0,1,0.12896791599137197,0.5080502150634603,1.973735596275509,risk_on,0.573737911862617,1,0.20478265333106835,21.558596240108713,97169.0036560826,0.13035165942979868,0.0,0.0,-0.00047086303817001074
2025-05-23,AAPL,193.665,197.7,193.46,195.27,78432918.0,-0.030244338498212175,-0.030711134574654686,0.03292876529932909,15315595897.86,54991034.2,11287491445.504,0.020185260831220648,0.02171352486300998,-0.5,-2.0,4,-0.29069194863832126,0.8891500951486744,-1.5643357508496136,risk_off,0.1624845171916176,1,0.16868900198091782,21.72842027707355,96777.86224083959,0.16868900198091782,0.03833734255111915,8.0623632529649,-0.004025372294928609
2025-05-27,AAPL,198.3,200.74,197.43,200.21,56288475.0,0.025298304911148595,0.024983599431202208,0.015283951850556976,11269515579.75,55868304.25,11443893745.9735,0.0210596402168302,0.01653264072723633,-0.2,-1.0,5,-0.021045857668446997,0.394909648687941,-0.8273226842060479,risk_off,0.06727208083786557,1,0.15458989522757793,22.019880072276734,97190.86620108208,0.16868900198091782,0.0,0.0,0.004267545807270512
2025-05-28,AAPL,200.59,202.73,199.9,200.42,45339678.0,0.0010488986564105574,0.0010483489465746842,0.011974852809100822,9086978264.76,56293906.5,11509324440.914999,0.021026549173165647,0.014120347270731316,0.5,1.0,2,-0.058353231693302886,0.2569202683668644,0.8375975525045147,risk_off,0.310001025182361,1,0.17283088671607508,22.00884972438855,97208.06292625284,0.16868900198091782,0.0,0.0,0.0001769376675291312
2025-05-29,AAPL,203.575,203.81,198.51,199.95,51477938.0,-0.002345075341782299,-0.002347829337355556,0.003400850212553097,10293013703.099998,56253480.7,11468431552.32,0.0209628802200466,0.026506626656664093,0.25,1.0,4,-0.14380382943392978,-0.02396575477818519,0.23794668022103477,risk_off,0.0044491172905098825,1,0.1505857304999778,21.987626740015536,97169.60854232819,0.16868900198091782,0.0,0.0,-0.00039558841897524566
2025-05-30,AAPL,199.37,201.96,196.78,200.85,70819942.0,0.004501125281320295,0.004491025512463942,0.015285038586009492,14224185350.699999,56926194.05,11567778530.304998,0.020933196206505366,0.025790390838934436,0.4,2.0,5,-0.1208021269644182,-0.13353991905921586,0.5889067142252559,risk_off,0.013496966016638023,1,0.1514799417787849,21.977732068835124,97239.71058495647,0.1514799417787849,0.01720906020213292,3.6779016532722064,0.0007214400024853074
2025-06-02,AAPL,200.28,202.13,200.12,201.7,35423294.0,0.004232013940751678,0.0042230841548756,-0.0012394645513138514,7144878399.799999,53646827.7,10887895899.177502,0.02093899966794621,0.00996529499256312,-1.0,-1.0,1,0.4294587841610933,-0.6213487712409643,-2.5782314056204703,risk_off,-0.8025637870364539,1,0.09310493327767774,21.97966655598207,97302.0475819358,0.1514799417787849,0.0,0.0,0.0006410652253521221
2025-06-03,AAPL,201.35,203.77,200.955,203.27,46381567.0,0.007783837382250969,0.007753699610703713,-0.0029517390662666676,9427981124.09,52514983.45,10672940959.468,0.019440082576566313,0.013848575785900447,0.3333333333333333,1.0,3,0.9630279768029117,-0.36692276611740393,0.4442063558281311,risk_on,0.5932735040238925,1,0.20872075401287568,21.480027525522104,97416.7759624474,0.1514799417787849,0.0,0.0,0.0011790952334789218
2025-06-04,AAPL,202.91,206.24,202.1,202.82,43603985.0,-0.002213804299699973,-0.002216258387019998,-0.019919140124248114,8843760237.699999,52134358.6,10606779779.262,0.018098143298553502,0.020412188147125504,0.3333333333333333,2.0,6,0.9500024915016511,-0.30768944385404345,0.48475703179969115,risk_on,0.6054150124901202,1,0.225164003461573,21.032714432851165,97384.10754409751,0.1514799417787849,0.0,0.0,-0.0003353469464282277
2025-06-05,AAPL,203.5,204.75,200.15,200.63,55221235.0,-0.010797751701015712,-0.0108564704917411,-0.0071275482230972464,11079036378.05,51464573.2,10487427844.977001,0.018274742237890683,0.02292777750087211,1.0,4.0,4,0.9398095984917076,-0.17236619985590437,1.9433764708223185,risk_on,0.9180878132883075,1,0.24634473237225282,21.09158074596356,97224.82192985484,0.1514799417787849,0.0,0.0,-0.0016356427990116273
2025-06-06,AAPL,203.0,205.7,202.05,203.92,46607693.0,0.016398345212580434,0.01626534437575078,-0.03663201255394277,9504240756.56,51271014.25,10464186261.241001,0.018364469339235776,0.01789917614750863,0.0,0.0,2,1.0439219954254515,-0.3201814934491701,-0.33622617771682306,risk_on,0.4950716630220722,1,0.21311941675994353,21.12148977974526,97453.64105626795,0.21311941675994353,0.061639474981158626,12.689312514875668,0.0023535052250154287
2025-06-09,AAPL,204.39,206.0,200.02,201.45,72862557.0,-0.012112593173793651,-0.012186548430503485,-0.015040953090096787,14678162107.65,53091445.95,10836234499.964,0.018586098240741842,0.02968478530652748,-0.1666666666666666,-1.0,6,0.7826901843592464,-0.060842591937472525,-0.6921621715227735,risk_on,0.3190131579234986,1,0.1962695226078536,21.195366080247283,97202.07142129679,0.21311941675994353,0.0,0.0,-0.0025814287926493318
2025-06-10,AAPL,200.6,204.35,200.57,202.67,54672608.0,0.006056093323405287,0.0060378288938656155,-0.03468692949129126,11080497463.359999,52636285.65,10718094181.479,0.018595733699391076,0.018651009029456666,0.0,0.0,3,0.06695242098891234,-0.01115181611277198,-0.2938256207450669,risk_on,-0.020824034778220382,1,0.16761427136790874,21.198577899797026,97327.52732349772,0.21311941675994353,0.0,0.0,0.0012906710769278185
2025-06-11,AAPL,203.5,204.5,198.41,198.78,60989857.0,-0.01919376326047262,-0.01938035499136248,-0.01106751182211485,12123563774.460001,53090311.9,10771619667.064,0.012931006517927343,0.030636884998490658,-0.5,-2.0,4,-0.3186397251612509,0.2502253015472393,-1.3999839322331817,risk_on,-0.421135561233939,1,0.1930328627206546,19.310335505975782,96929.40287988436,0.21311941675994353,0.0,0.0,-0.004090563631500399
2025-06-12,AAPL,199.08,199.68,197.3601,199.2,43904635.0,0.0021128886205854513,0.002110659610638166,0.009036144578313365,8745803292.0,52819252.4,10685242210.5515,0.012647069573302451,0.011646084337349432,0.25,1.0,4,-0.27522222904725047,0.06797078743358247,0.27880688822839905,risk_on,-0.09577780229595395,1,0.23712870908857905,19.215689857767483,96973.04995644957,0.21311941675994353,0.0,0.0,0.0004502975904978612
2025-06-13,AAPL,199.73,200.37,195.7,196.45,51447349.0,-0.013805220883534086,-0.013901399146028837,0.02570628658691776,10106831711.05,53140146.2,10714509692.811499,0.0128606078363018,0.023771952150674434,0.5,2.0,4,-0.4129822367834099,0.4984715865379774,0.845871745642092,risk_on,0.02107932436596796,1,0.24749215345165654,19.286869278767266,96681.32982639567,0.24749215345165654,0.03437273669171301,6.409840985557429,-0.0030082598225477097
2025-06-16,AAPL,197.3,198.685,196.5636,198.42,43020691.0,0.01002799694578771,0.009978050217287482,0.009474851325471434,8536165508.219999,52554288.25,10563122058.672499,0.01319888680209624,0.010691462554177925,1.0,2.0,2,-0.2935187198494527,0.1693683178167374,1.9800014604694778,risk_on,0.2537627237475715,1,0.2687508319943391,19.39962893403208,96921.27843886241,0.24749215345165654,0.0,0.0,0.002481850558919696
2025-06-17,AAPL,197.2,198.39,195.21,195.64,38856152.0,-0.014010684406813856,-0.01410976055059976,0.030259660601104077,7601817577.28,52190069.5,10461551976.183498,0.013405959365281248,0.01625434471478206,-0.3333333333333333,-1.0,3,-0.3368752869877194,0.44675955166770975,-1.0231257747978386,risk_on,-0.31739841681865744,1,0.19797187646885148,19.46865312176042,96585.20056643615,0.24749215345165654,0.0,0.0,-0.003467534455174004
2025-06-18,AAPL,195.94,197.57,195.07,196.58,45394689.0,0.004804743406256584,0.004793237467326961,0.02248448468816755,8923687963.62,52334972.2,10468193678.5595,0.01338769414529248,0.012717468715026896,0.6,3.0,5,-0.16735226696255825,0.08589206869023017,1.1176819327266518,risk_on,0.14030344010584145,1,0.2517460664712431,19.462564715097493,96700.05353373814,0.24749215345165654,0.0,0.0,0.0011891362923970306
2025-06-20,AAPL,198.235,201.7,196.855,201.0,96813542.0,0.02248448468816755,0.022235434920592212,0.0003980099502487455,19459521942.0,54215060.6,10842864405.2765,0.014376678313690772,0.024104477611940175,0.3333333333333333,1.0,3,0.43373743585789265,-0.2251737836702072,0.4898061588603013,risk_on,0.3131689365527544,1,0.2531118032071242,19.79222610456359,97237.08202929149,0.2531118032071242,0.005619649755467637,1.0815351555722734,0.005553549102906841
2025-06-23,AAPL,201.625,202.3,198.96,201.5,55814272.0,0.0024875621890547706,0.0024844733276623288,0.018213399503721917,11246575808.0,54668653.85,10934590642.0005,0.013494437109937769,0.01657568238213393,-1.0,-2.0,2,0.5012175333422191,-0.47573550558659006,-2.410250488366409,risk_on,-0.27646667878526837,1,0.201346823712247,19.498145703312588,97298.30554464231,0.2531118032071242,0.0,0.0,0.0006296313512614837
2025-06-24,AAPL,202.59,203.44,200.2,200.3,54064033.0,-0.005955334987593042,-0.005973138714965742,0.03754368447328993,10829025809.900002,53450209.6,10710262137.602499,0.013534968772739773,0.016175736395406853,0.0,0.0,0,0.8301000591363802,-0.24284953849538665,-0.2265580866754382,risk_on,0.4041785104476631,1,0.27910661566114275,19.511656257579926,97151.64142812378,0.2531118032071242,0.0,0.0,-0.0015073655774121564
2025-06-25,AAPL,201.45,203.67,200.6201,201.56,39525730.0,0.006290564153769385,0.00627086114062525,0.05397896408017466,7966806138.8,52612072.35,10545126665.555,0.011698663070507037,0.015131474498908337,-0.3333333333333333,-2.0,6,0.541931205675734,-0.5460982340922257,-0.9356020191744934,risk_on,0.028818672752096597,1,0.27311547697708005,18.89955435683568,97306.327829544,0.2531118032071242,0.0,0.0,0.0015922160361505622
2025-06-26,AAPL,201.43,202.64,199.46,201.0,50799121.0,-0.0027783290335383626,-0.0027821957533218367,0.062437810945273675,10210623321.0,52885044.5,10601308918.367,0.010382292146002595,0.015820895522387874,0.125,1.0,8,0.4715717922921153,-0.4248700112871136,0.08212322209405733,risk_on,0.21439371753665792,1,0.3357692975800835,18.46076404866753,97237.89930773301,0.2531118032071242,0.0,0.0,-0.0007032278715815021
2025-06-27,AAPL,201.89,203.22,200.0,201.08,73188571.0,0.0003980099502487455,0.00039793076529903715,0.044111796299979966,14716757856.68,53970576.15,10822496126.046,0.010380724425966565,0.016013526954445904,0.5,5.0,10,0.4957735642728729,-0.0931737512844816,0.8853443972861954,risk_on,0.4558982677640665,1,0.3714089436182633,18.46024147532219,97226.45826136439,0.3714089436182633,0.11829714041113915,21.236891158236062,-0.00011766036134130964
2025-06-30,AAPL,202.01,207.39,199.2607,205.17,91912816.0,0.02034016311915643,0.020136064953739208,0.023590193498074896,18857752458.719997,55025219.85,11054174481.447,0.01124605513520256,0.03962226446361521,0.8333333333333334,5.0,6,0.6992126088850735,-0.3580280856914294,1.5508560226499795,risk_on,0.6580931527227541,1,0.36904060031399444,18.74868504506752,97960.95733870826,0.3714089436182633,0.0,0.0,0.007554518497109086
2025-07-01,AAPL,206.665,210.1865,206.1401,207.82,78788867.0,0.012916118340888127,0.012833416646386375,0.01597536329515914,16373902339.939999,57193498.5,11515625678.453999,0.011513014806036873,0.01947069579443743,0.1818181818181818,2.0,11,0.7954696703148555,-0.6221322589687718,0.1326942932864266,risk_on,0.37939420905244425,1,0.32486090866184086,18.837671602012293,98430.89190786876,0.3714089436182633,0.0,0.0,0.004797161868637767
2025-07-02,AAPL,208.91,213.34,208.14,212.44,67941811.0,0.022230776633625382,0.021987275129697892,-0.00014121634343811085,14433558328.84,58271510.7,11765904538.6915,0.012351250321538354,0.024477499529278822,0.0,0.0,6,0.998420225618172,-0.8478343380331318,-0.2782730147844277,risk_on,0.37383066480739124,1,0.3021289412922811,19.117083440512786,99243.60716507702,0.3714089436182633,0.0,0.0,0.008256709265308304
2025-07-03,AAPL,212.145,214.65,211.8101,213.55,34955836.0,0.005225004707211545,0.0052114017332769436,-0.011191758370405092,7464818777.8,57839103.25,11696957465.696499,0.012309544186824993,0.013298524935612207,0.3333333333333333,2.0,6,1.1134560274117022,-0.9795093728301109,0.431551596012404,risk_on,0.55848206108348,1,0.32552474256902325,19.10318139560833,99436.20064681696,0.3714089436182633,0.0,0.0,0.0019406134787058882
2025-07-07,AAPL,212.68,216.23,208.8,209.95,50228984.0,-0.016857878716928232,-0.017001590157272872,-0.0063348416289592535,10545575190.8,57589490.7,11670284406.334,0.012981850980039808,0.035389378423433884,0.2,1.0,5,1.0278440566786045,-0.6909457372607828,0.13859808264836534,risk_on,0.5062369030846791,1,0.3027573772653751,19.32728366001327,98813.61399609005,0.3714089436182633,0.0,0.0,-0.006261166925899064
2025-07-08,AAPL,210.1,211.43,208.45,210.01,42848928.0,0.0002857823291260164,0.0002857415011341402,-0.004285510213799193,8998703369.279999,57401552.45,11645007536.97,0.012668727598210517,0.014189800485691177,0.0909090909090909,1.0,11,0.7130442532385556,-0.26445913577228836,-0.11427617719977433,risk_on,0.3520794893487208,1,0.29194087618332043,19.222909199403507,98824.10228186936,0.3714089436182633,0.0,0.0,0.00010614211296555709
2025-07-09,AAPL,209.53,211.33,207.22,211.14,48749367.0,0.005380696157325726,0.005366271930212108,-0.004641470114615798,10292941348.38,56195892.95,11425746499.0065,0.012275743878770238,0.019465757317419695,0.6,3.0,5,1.0007802459242257,-0.08566553052565706,0.9780803523393714,risk_on,0.7789511119172783,1,0.3517468627828211,19.091914626256745,99021.59618996308,0.3714089436182633,0.0,0.0,0.0019984386757232464
2025-07-10,AAPL,210.505,213.48,210.03,212.41,44443635.0,0.006014966373022679,0.005996948677244873,-0.01125182430205729,9440272510.35,55684444.3,11343735251.355999,0.011884818736165691,0.01624217315568934,0.4615384615384615,6.0,13,0.967393897671248,0.22973355553007196,0.6651619521991085,risk_on,0.759415440148585,1,0.36107622739903783,18.961606245388563,99242.8116544611,0.3714089436182633,0.0,0.0,0.0022340123065036632
2025-07-11,AAPL,210.565,212.13,209.86,211.16,39765812.0,-0.005884845346264322,-0.005902229283377913,9.471490812651417e-05,8396948861.92,54623242.05,11157404505.729,0.011995981053127122,0.010750142072362053,0.5714285714285714,4.0,7,1.1782287285464526,0.43204928395190045,0.8939538641698378,risk_on,0.9721378667522192,1,0.3810031447867728,18.998660351042375,99024.0931956569,0.3810031447867728,0.009594201168509453,1.8050140611847159,-0.00220387205035788
2025-07-14,AAPL,209.925,210.91,207.54,208.62,38840111.0,-0.012028793332070409,-0.0121017247075903,0.01850254050426603,8102823956.820001,54370015.85,11125255538.97,0.011451872166198187,0.016153772409164935,0.0,0.0,7,0.8843045928418817,0.2965140111900837,-0.3695717512273762,risk_on,0.5159712076976706,1,0.34446089094425486,18.817290722066062,98570.26497568296,0.3810031447867728,0.0,0.0,-0.0045830080875088886
2025-07-15,AAPL,209.22,211.89,208.92,209.11,42296339.0,0.0023487680951010947,0.002346014050883305,0.025297690210893675,8844587448.29,53912465.35,11062143325.832,0.011451727531143041,0.014203051025775834,0.3333333333333333,2.0,6,1.153560186570088,0.2551966728352168,0.35326308391590083,risk_on,0.8138280632922762,1,0.381166503820466,18.817242510381014,98658.4743259836,0.3810031447867728,0.0,0.0,0.0008948880306083318
2025-07-16,AAPL,210.295,212.4,208.64,210.16,47490532.0,0.005021280665678196,0.005008716078576114,0.01898553483060539,9980610205.119999,54135957.4,11134365560.677,0.010842268324949078,0.017891130567186914,0.4285714285714285,3.0,7,1.0268582974527651,0.24887133163722708,0.5588904948316079,risk_on,0.7776673437654261,1,0.3980910862519702,18.614089441649693,98847.22019383768,0.3810031447867728,0.0,0.0,0.0019131237244804922
2025-07-17,AAPL,210.57,211.8,209.59,210.02,48068141.0,-0.0006661591168632963,-0.0006663810994371744,0.017807827825921274,10095270972.82,54596556.85,11259038230.453999,0.010759983478371192,0.01052280735168078,0.5,4.0,8,1.260424929984248,0.4180076695370981,0.7161617906665467,risk_on,0.9830888500312778,1,0.426042419830443,18.586661159457066,98822.13190755762,0.3810031447867728,0.0,0.0,-0.00025380871845326336
2025-07-18,AAPL,210.87,211.79,209.7045,211.18,48974591.0,0.00552328349680975,0.005508086100521226,0.012785301638412738,10342454127.380001,54775551.95,11329976538.642,0.010058809146970773,0.00987546169144799,-0.2,-1.0,5,1.2433975301939,0.14486914784179983,-0.84718899675504,risk_on,0.6055745483336918,1,0.4051453701272766,18.35293638232359,99025.70422130555,0.4051453701272766,0.02414222534050381,4.387832506344055,0.0020599870678601473
2025-07-21,AAPL,212.1,215.78,211.63,212.48,51377434.0,0.006155885974050479,0.006137015909700061,0.007388930722891596,10916677176.32,52503746.55,10902834300.358,0.010070581276243279,0.019531249999999938,0.0,0.0,4,0.8947251680918383,-0.3058950606409313,-0.39126210990984206,risk_on,0.3974036667449483,1,0.37410424543519594,18.356860425414425,99272.6771698116,0.4051453701272766,0.0,0.0,0.0024940287014179052
2025-07-22,AAPL,213.14,214.95,212.2301,214.4,46404072.0,0.009036144578313365,0.008995562908578059,-0.014598880597014863,9949033036.800001,52033236.55,10837957161.798,0.00921117632778062,0.012686100746268577,0.6,3.0,5,0.9946462249614119,-0.5033154849528939,0.9241337117468423,risk_on,0.6809513803356368,1,0.45406775756702644,18.070392109260208,99636.10968971062,0.4051453701272766,0.0,0.0,0.00366095213970441
2025-07-23,AAPL,215.0,215.15,212.41,214.15,46989301.0,-0.0011660447761193682,-0.0011667251352669439,-0.023815082885827676,10062758809.15,51679499.95,10799643811.760502,0.009258070228304592,0.01279477002101329,-0.1428571428571428,-1.0,7,1.060857853311196,-0.3689404482266266,-0.6955054750753468,risk_on,0.42362552732632286,1,0.4112142257176725,18.086023409434866,99589.0398336725,0.4051453701272766,0.0,0.0,-0.000472417642405909
2025-07-24,AAPL,213.9,215.69,213.53,213.76,46022620.0,-0.0018211533971516092,-0.001822813713099336,-0.02895770958083832,9837795251.199999,52004344.45,10893193267.380499,0.009102004026785885,0.010104790419161614,0.375,3.0,8,0.8632825449217366,-0.3835726554920005,0.42540691714216566,risk_on,0.5263363792830751,1,0.4350674413135255,18.034001342261963,99515.5598664646,0.4051453701272766,0.0,0.0,-0.0007378318671475981
2025-07-25,AAPL,214.7,215.24,213.4,213.88,40268781.0,0.0005613772455090871,0.0005612197322504286,-0.053768468299981276,8612686880.28,51477827.45,10813296445.3445,0.009088737497186158,0.008602954927996984,0.0,0.0,10,0.9022834614551053,-0.27443426663516324,-0.41913170178518955,risk_on,0.4026568831889926,1,0.415392996490534,18.02957916572872,99536.35455333136,0.415392996490534,0.010247626363257434,1.8390715551386505,0.00020895915065621828
2025-07-28,AAPL,214.03,214.845,213.06,214.05,37858017.0,0.000794838227043293,0.0007945225104242226,-0.049988320485867876,8103508538.85,49711299.75,10482633979.453,0.009010853389721005,0.008339173090399384,0.0,0.0,4,0.8808055720158032,-0.1434905460766743,-0.41913170178518955,risk_on,0.4159588936371091,1,0.421213496887337,18.003617796573668,99569.21849469193,0.415392996490534,0.0,0.0,0.0003301702328566414
2025-07-29,AAPL,214.175,214.81,210.82,211.27,51411723.0,-0.012987619715019827,-0.01307269627881169,-0.03952288540729887,10861754718.210001,47686245.1,10082834092.4275,0.009657228897276745,0.018885785961092395,0.4,2.0,5,0.1684869014141098,0.4401444734560151,0.4732901368797974,risk_on,0.2837790629156284,1,0.37211904101107707,18.219076299092247,99032.04591931295,0.415392996490534,0.0,0.0,-0.005394966270701573
2025-07-30,AAPL,211.895,212.39,207.72,209.05,45512514.0,-0.010507880910682998,-0.01056347850956918,0.02009088734752451,9514391051.7,46022427.45,9739858528.0155,0.009123478875522336,0.022339153312604474,0.25,1.0,4,-0.30928283663645334,0.688888209100063,0.11719940523484332,risk_on,-0.024352179114890748,1,0.3410272333702123,18.04115962517411,98599.78092838814,0.415392996490534,0.0,0.0,-0.004364900138254302
2025-07-31,AAPL,208.49,209.84,207.16,207.57,80698431.0,-0.0070796460176991705,-0.00710482562374537,0.0600279423808836,16750573322.67,46660258.45,9855709277.707,0.008849548052613556,0.01291130702895406,0.2857142857142857,2.0,7,-0.8614410525414108,0.8519282788601983,0.18773052332003393,risk_on,-0.30893287108879997,1,0.30137282408433724,17.949849350871187,98309.815204826,0.415392996490534,0.0,0.0,-0.0029408353733842985
2025-08-01,AAPL,210.865,213.58,201.5,202.38,104434473.0,-0.02500361323890732,-0.025321513877215374,0.13326415653720725,21135448645.739998,50134190.3,10539240771.104,0.008913826743756749,0.05968969265737698,-0.25,-3.0,12,-1.4054371323575616,1.5491403144963674,-1.0329408248250558,risk_on,-0.7400223814802747,1,0.2282638060595207,17.97127558125225,97256.01971378335,0.2282638060595207,0.1871291904310133,32.71771839215127,-0.010719127981749232
2025-08-04,AAPL,204.505,207.88,201.675,203.35,75109298.0,0.004792963731593991,0.004781514051620306,0.1171871158101796,15273475748.3,51378206.0,10775635798.979,0.008896145820412246,0.030513892303909287,0.5,2.0,4,-0.9716831868777851,1.490505426931293,0.6543097801623846,risk_on,-0.15404687070793552,1,0.32683609274483894,17.965381940137416,97362.42364868504,0.2282638060595207,0.0,0.0,0.0010940601436788544
2025-08-05,AAPL,203.4,205.34,202.16,202.92,44155079.0,-0.002114580772067942,-0.0021168196547449725,0.13172678888231815,8959948630.68,51443513.55,10773698062.049,0.008247065785575323,0.0156712004730928,0.6,6.0,10,-1.0041357743979877,1.24484944638724,0.8530161670250839,risk_on,-0.1829083419563278,1,0.34708717695229374,17.749021928525107,97315.42853446145,0.2282638060595207,0.0,0.0,-0.00048268225525249786
2025-08-06,AAPL,205.63,215.38,205.59,213.25,108483103.0,0.050906761285235635,0.04965337367329958,0.09416178194607272,23134021714.75,54430200.35,11415752080.367498,0.01412520824850997,0.045908558030480405,0.2222222222222222,2.0,9,-0.0780789532220548,-0.4802004670332038,-0.03452586666615726,risk_on,-0.1497926386731051,1,0.20631503362620757,19.70840274950332,98446.25046325476,0.2282638060595207,0.0,0.0,0.011620171085131359
2025-08-07,AAPL,218.875,220.85,216.58,220.03,90224834.0,0.03179366940211015,0.03129871432026121,0.05794664363950375,19852170225.02,56719260.3,11936346966.101002,0.01564550216229301,0.019406444575739503,0.2857142857142857,2.0,7,0.4781137469769829,-1.6595953534834125,0.12711327636522043,risk_on,-0.019628167237448715,1,0.19934121921560885,20.215167387431002,99160.70876703039,0.2282638060595207,0.0,0.0,0.007257343986323717
2025-08-08,AAPL,220.83,231.0,219.25,229.35,113853967.0,0.04235786029177846,0.04148532035113117,0.009766732068890338,26112407331.45,60423668.05,12822119889.5775,0.01794370094264761,0.05123174187922367,0.5,2.0,4,1.5065308075082782,-3.0,0.6646222064939449,risk_on,0.4368429258037557,1,0.21327435678449985,20.981233647549203,100116.32176813766,0.21327435678449985,0.014989449275020855,3.148728687799575,0.009637012613054274
2025-08-11,AAPL,227.92,229.56,224.76,227.18,61806132.0,-0.009461521691737418,-0.009506566239905645,0.016330662910467364,14041117067.76,61571969.1,13119034545.1245,0.01805695132504348,0.021128620477154636,0.5,5.0,10,1.5280602036980266,-2.9228624649565114,0.6752746790595028,risk_on,0.46731856503941416,1,0.21446333888013602,21.018983775014494,99914.2970471464,0.21327435678449985,0.0,0.0,-0.00201789995300794
2025-08-12,AAPL,228.005,230.8,227.07,229.65,55672301.0,0.01087243595386922,0.010813755968527516,0.00396255170912263,12785143924.65,62240767.2,13316062368.942501,0.01775226433165979,0.01624210755497497,0.3333333333333333,3.0,9,1.70530962958785,-3.0,0.2889989387116067,risk_on,0.4809855654950313,1,0.21929099473102814,20.917421443886596,100145.97949660356,0.21327435678449985,0.0,0.0,0.0023188117847421363
2025-08-13,AAPL,231.07,235.0,230.43,233.33,69878546.0,0.016024384933594593,0.015897349787164394,-0.03137187674109643,16304761138.18,63360167.9,13632269915.595499,0.017910624752407033,0.01958599408562968,0.6,3.0,5,1.899487553074465,-2.0950598116494854,0.9219058758915256,risk_on,0.9050617446930869,1,0.25041597052520925,20.970208250802344,100488.2374336862,0.21327435678449985,0.0,0.0,0.003417590389579672
2025-08-14,AAPL,234.055,235.12,230.85,232.78,51916275.0,-0.0023571765310933523,-0.0023599590451368613,-0.03385170547297878,12085070494.5,63552574.6,13731759891.6795,0.017990260353846738,0.018343500300713085,0.0,0.0,2,1.8260095031045176,-1.1850280806455096,-0.5078014408217219,risk_on,0.7570397975692643,1,0.23835532377535665,20.996753451282245,100437.71945352208,0.21327435678449985,0.0,0.0,-0.0005027253084964878
2025-08-15,AAPL,234.0,234.28,229.335,231.59,56038657.0,-0.005112123034624938,-0.005125234640100729,-0.01653784705729955,12977992574.630001,63905777.9,13863536814.042002,0.018086562369880505,0.02135238999956808,-0.2,-1.0,5,1.5442611756394027,-0.025109501662037972,-0.9816857315948642,risk_on,0.7251976587322612,1,0.23466203414870276,21.028854123293502,100323.70139431478,0.23466203414870276,0.02138767736420291,4.5123451601825515,-0.0011352115502788473
2025-08-18,AAPL,231.7,233.12,230.11,230.89,37476188.0,-0.0030225830130835574,-0.0030271602428175726,-0.016154878946684548,8652877047.32,63210715.6,13750346807.592001,0.01816590074034155,0.01303651089263276,0.8571428571428571,6.0,7,1.3031551146619529,-0.1589076364150869,1.5197800875553493,risk_on,1.0540675590252242,1,0.2571498570840747,21.05530024678052,100252.54324979316,0.23466203414870276,0.0,0.0,-0.0007092854782334568
2025-08-19,AAPL,231.275,232.87,229.35,230.56,39402564.0,-0.0014292520247736196,-0.0014302743797003359,-0.005421582234559352,9084655155.84,62860640.2,13707127913.544,0.018204870020161974,0.015267175572519063,0.625,5.0,8,1.0521764211735538,0.1654228238547715,1.0035941939359834,risk_on,0.8651092562622833,1,0.24350975973050218,21.06829000672066,100218.91943026827,0.23466203414870276,0.0,0.0,-0.0003353911874446336
2025-08-20,AAPL,229.98,230.47,225.77,226.01,42263865.0,-0.019734559333795976,-0.01993188617021957,0.019822131764081208,9552056128.65,62624368.4,13681592779.519,0.0188810053838398,0.02079554002035294,0.4285714285714285,3.0,7,0.6452893221729463,1.0899544320497812,0.4997739248007917,risk_on,0.7051192646738823,1,0.22331072625122836,21.293668461279935,99754.81044130099,0.23466203414870276,0.0,0.0,-0.004630951836296804
2025-08-21,AAPL,226.27,226.52,223.7804,224.9,30621249.0,-0.0049112871111897105,-0.004923387115722377,0.034059582036460645,6886718900.1,61854299.85,13534038961.964,0.018936768977633807,0.012181413961760836,-0.2857142857142857,-2.0,7,0.556805780621654,1.1607213463740809,-1.2734134196755773,risk_on,0.3115450537126931,1,0.19202911434980155,21.312256325877936,99639.8437580788,0.23466203414870276,0.0,0.0,-0.0011524926238001276
2025-08-22,AAPL,226.17,229.09,225.41,227.76,42477811.0,0.012716763005780285,0.012636584004511953,0.019230769230769162,9674746233.359999,61964751.35,13587141929.618,0.019036261536988078,0.016157358623112007,0.3333333333333333,1.0,3,0.7817288316400418,0.728137922077181,0.2724050735844509,risk_on,0.6691458981163514,1,0.21883883526895978,21.34542051232936,99933.80774168982,0.21883883526895978,0.015823198879742983,3.375406682417692,0.002950265401105545
2025-08-25,AAPL,226.48,229.3,226.23,227.16,30983133.0,-0.0026343519494204104,-0.002637827960549899,0.011269589716499384,7038128492.28,61621007.15,13533872927.289501,0.019071110880904043,0.013514703292833281,0.1428571428571428,1.0,7,0.6830953866671093,0.714776052602889,-0.19790266935557863,risk_on,0.5132319086497277,1,0.20663093921914258,21.357036960301347,99876.19605019828,0.21883883526895978,0.0,0.0,-0.0005764985122997945
2025-08-26,AAPL,226.87,229.49,224.69,229.31,54575107.0,0.009464694488466208,0.009420184893665251,0.0399459247307139,12514617786.17,61779176.35,13616516080.6875,0.019113803367035512,0.020932362304304175,0.5,1.0,2,1.1460114912956936,0.43753097875564834,0.6863236338558071,risk_on,0.9123778172997071,1,0.23514641963051996,21.37126778901184,100083.06389397204,0.21883883526895978,0.0,0.0,0.0020712427180324955
2025-08-27,AAPL,228.61,230.9,228.26,230.49,31259513.0,0.005145872399808127,0.005132677644756001,0.04030543624452254,7205005151.37,61066526.3,13501046785.671,0.01873974246960684,0.011453859169595225,0.3333333333333333,2.0,6,1.4469871930812694,-0.2168504522079553,0.2362937256217946,risk_on,0.8720809705315296,1,0.237047394651155,21.24658082320228,100195.76910585375,0.21883883526895978,0.0,0.0,0.0011261167224168034
2025-08-28,AAPL,230.82,233.41,229.335,232.56,38074700.0,0.008980866848887104,0.008940778702967833,0.030658754729962157,8854652232.0,58935339.75,13106250731.137499,0.018449057939186057,0.017522359821121308,0.5714285714285714,4.0,7,1.7341419770969593,-0.5736516317376257,0.8656941782753077,risk_on,1.0988936955657118,1,0.2561045818958046,21.149685979728687,100392.69010719309,0.21883883526895978,0.0,0.0,0.001965362440916163
2025-08-29,AAPL,232.51,233.38,231.37,232.14,39418437.0,-0.001805985552115641,-0.0018076183101438659,0.024726458171792975,9150595965.18,55684537.95,12507008097.1095,0.018308228361847048,0.00865856810545353,-0.4444444444444444,-4.0,9,2.138176433852479,-0.18988009112388984,-1.7860608180762152,risk_on,0.8877176784714664,1,0.24374941555194607,21.10274278728235,100347.73755790059,0.24374941555194607,0.02491058028298629,5.275372923051934,-0.000447767155601686
2025-09-02,AAPL,229.25,230.85,226.97,229.72,44075638.0,-0.010424743689153027,-0.01047946194438154,0.02015497126937138,10125055561.36,54132854.95,12249587087.7625,0.017344845274119242,0.016890127111265796,0.8333333333333334,5.0,6,1.7244234747940557,0.017766911162554213,1.5906004391020347,risk_on,1.3563275549293512,1,0.2887919051152759,20.78161509137308,100092.75142985841,0.24374941555194607,0.0,0.0,-0.0025410251815098928
2025-09-03,AAPL,237.21,238.85,234.36,238.47,66427835.0,0.038089848511231095,0.037382340257035906,-0.048978907200067145,15841045812.45,55246492.75,12593641946.851002,0.018680930253744954,0.018828364154820153,0.1111111111111111,1.0,9,2.4043446360786014,-0.7047875392332763,-0.3330942386273391,risk_on,1.2350304260750378,1,0.2612363187904094,21.22697675124832,101022.05040052977,0.24374941555194607,0.0,0.0,0.009284378313074715
2025-09-04,AAPL,238.45,239.8999,236.74,239.78,47549429.0,0.005493353461651473,0.00547832002637616,-0.04066227375093834,11401402085.62,52199809.05,12007010965.3945,0.018552814166393407,0.013178330135957879,0.4545454545454545,5.0,11,1.4436520245358664,-0.6941058209001035,0.5576470001134395,risk_on,0.8388994505641869,1,0.2370776098904964,21.184271388797804,101157.31909731895,0.24374941555194607,0.0,0.0,0.0013390016956977835
2025-09-05,AAPL,239.995,241.32,238.4901,239.69,54870397.0,-0.00037534406539330156,-0.0003754145246084306,-0.02344695231340488,13151885456.93,50432087.2,11671996726.99,0.015815317668229925,0.011806500062580704,0.0,0.0,10,0.8019050880720883,-0.43394462021305585,-0.6612635769611473,risk_on,0.2621014134084123,1,0.2251063209428862,20.27177255607664,101144.24155029333,0.2251063209428862,0.018643094609059857,3.8226743640518563,-0.0001292792962716005
2025-09-08,AAPL,239.3,240.15,236.34,237.88,48999495.0,-0.007551420584922197,-0.007580076916505973,-0.004960484277787169,11655999870.6,47189363.6,10949176353.9475,0.014871752891868914,0.016016478896922762,-0.125,-1.0,8,-0.15823492005751594,-0.2653716817636798,-1.0403088078577174,risk_on,-0.356077049958789,1,0.17447749252198,19.957250963956305,100972.3092349656,0.2251063209428862,0.0,0.0,-0.0016998725057641995
2025-09-09,AAPL,237.0,238.7805,233.36,234.35,66313918.0,-0.014839414831007258,-0.0149506204696781,0.016215062940047043,15540666683.3,47414752.9,11024153834.724499,0.01251234722776062,0.02312993385961149,0.7,7.0,10,-0.3000271849138024,-0.13692490990408823,1.1955000235476585,risk_on,0.031698711780432626,1,0.25571705153117313,19.17078240925354,100635.01668064017,0.2251063209428862,0.0,0.0,-0.0033404460775532385
2025-09-10,AAPL,232.185,232.42,225.95,226.79,83440810.0,-0.03225944100704081,-0.032791245197944185,0.05379425900612911,18923541299.899998,48803178.35,11331073703.487,0.014331425686063411,0.028528594735217475,0.1666666666666666,1.0,6,-1.1919862447802834,1.6207063707734313,-0.2403757331449047,risk_on,-0.43912561934246463,1,0.17228214369967557,19.777141895354468,99904.22490584044,0.2251063209428862,0.0,0.0,-0.00726180408076893
2025-09-11,AAPL,226.875,230.45,226.65,230.03,50208578.0,0.014286344195070466,0.014185256029156434,0.03412598356736085,11549479197.34,47819679.95,11093309606.445002,0.01447933450292824,0.01651958440203437,0.6666666666666666,4.0,6,-1.2741447790504032,1.3815170792101248,1.1675750947304633,risk_on,-0.25466843264212435,1,0.18998059025989417,19.826444834309413,100225.51153642054,0.2251063209428862,0.0,0.0,0.0032159463814760425
2025-09-12,AAPL,229.22,234.51,229.02,234.07,55824216.0,0.017562926574794524,0.017410480721885335,0.04883154611868257,13066774239.119999,48015077.0,11142394793.676,0.01456714907861261,0.023454522151492962,0.2727272727272727,3.0,11,-0.9359386738795464,0.9576885280559027,0.03835281085454936,risk_on,-0.36235493654563744,1,0.1774686046023198,19.85571635953754,100612.23806019484,0.1774686046023198,0.047637716340566405,9.517620524232301,0.003858563731388598
2025-09-15,AAPL,237.0,238.19,235.03,236.7,42699524.0,0.011235955056179803,0.01117330059812538,0.08187579214195173,10106977330.8,47348120.35,10998844031.4845,0.014746336927200681,0.013350232361639135,0.25,1.0,4,-0.6375965333158309,0.49295036504900985,-0.010102288718377745,risk_on,-0.28598830472337206,1,0.18325632736399147,19.91544564240023,100812.86180732358,0.1774686046023198,0.0,0.0,0.0019940292651945413
2025-09-16,AAPL,237.175,241.22,236.3235,238.15,63421099.0,0.006125897760878907,0.0061072107269311005,0.06836027713625858,15103734726.85,48645365.9,11321386915.461,0.014721183787300399,0.020560571068654138,0.3333333333333333,3.0,9,-0.4527257536593092,-0.040955398730573064,0.23048434868642903,risk_on,-0.23372966220441435,1,0.1890663803331976,19.907061262433466,100922.46096647366,0.1774686046023198,0.0,0.0,0.0010871545275596972
2025-09-17,AAPL,238.97,240.1,237.7301,238.99,46508017.0,0.0035271887465881946,0.0035209828050986047,0.05573454956274326,11114950982.83,49000638.55,11422901706.8105,0.014691396169794467,0.009916314490145994,0.0,0.0,13,-0.35708499646354785,-0.9746880896513218,-0.8804759916187032,risk_on,-0.5852838141321337,1,0.1533829495330461,19.897132056598156,100985.63492149962,0.1774686046023198,0.0,0.0,0.0006259652650260072
2025-09-18,AAPL,239.97,241.2,236.65,237.88,44249576.0,-0.004644545796895327,-0.004655365213574569,0.07983016647048946,10526089138.88,49099924.1,11471603357.322,0.014742805614354404,0.01912729107112815,0.3888888888888889,7.0,18,-0.013498873481021214,-0.46851154347242924,0.36783654799245935,risk_on,-0.02823432318460671,1,0.21062761709590205,19.914268538118137,100902.39639485422,0.1774686046023198,0.0,0.0,-0.0008242610615866175
2025-09-19,AAPL,241.225,246.3,240.2106,245.5,163741314.0,0.03203295779384563,0.031530602396181884,0.04057026476578418,40198492587.0,55755927.35,13137192041.667,0.015315255572261913,0.024804073319755548,-1.0,-1.0,1,0.8261925923180012,-0.8263013390956481,-3.0,risk_on,-0.269544712428329,1,0.17810753963998754,20.10508519075397,101475.88045547664,0.17810753963998754,0.0006389350376677372,0.1303544940034708,0.005683552433960459
2025-09-22,AAPL,248.3,256.64,248.12,256.08,105517416.0,0.04309572301425657,0.04219294842703292,-0.006443298969072031,27020899889.28,58907907.6,14004499724.463001,0.01735640943246555,0.033270852858481526,0.1111111111111111,1.0,9,1.498845926614495,-1.592299544370323,-0.4559389586146016,risk_on,0.48965985537171197,1,0.22503494028661625,20.78546981082185,102254.77615103543,0.17810753963998754,0.0,0.0,0.007675673195075561
2025-09-23,AAPL,255.875,257.34,253.58,254.43,60275187.0,-0.006443298969072031,-0.00646414661988981,0.0007860708249813886,15335815828.41,60372510.3,14419384091.2695,0.01750759689520796,0.014778131509648814,1.0,1.0,1,1.3548926117209845,-1.2197629619404182,2.0751801557449543,risk_on,0.984019005793498,1,0.26190745576377683,20.835865631735988,102137.42855698455,0.17810753963998754,0.0,0.0,-0.0011476001265461333
2025-09-24,AAPL,255.22,255.74,251.04,252.31,42303710.0,-0.008332350744802097,-0.008367258825429325,0.01244500812492566,10673649070.1,59758940.45,14327335655.466,0.01768213703515027,0.018627878403551183,0.0,0.0,4,0.8904737211756325,-0.8931726571599887,-0.7552637008342312,risk_on,0.2045969611065355,1,0.19628818473621426,20.89404567838342,101985.85104747886,0.17810753963998754,0.0,0.0,-0.0014840544905740938
2025-09-25,AAPL,253.205,257.17,251.712,256.87,55202075.0,0.01807300542982837,0.017911630124575417,0.0010121851520223935,14179757005.25,60956068.55,14676073248.16,0.01788552743748023,0.021248102152839978,0.6,3.0,5,1.1611951282661905,-1.4314667298824437,0.9617397825759623,risk_on,0.602771687498418,1,0.2276279184773309,20.961842479160076,102314.13723303312,0.17810753963998754,0.0,0.0,0.003218938531006854
2025-09-26,AAPL,254.095,257.6,253.78,255.46,46076258.0,-0.00548915793981386,-0.00550427872623338,0.010021138338683011,11770640868.68,61356146.45,14821872679.994,0.01804797005770102,0.014953417364753804,0.75,3.0,4,0.7899377810232314,-0.5110235800588762,1.344080685100597,risk_on,0.640574089622283,1,0.22857842313532264,21.015990019233673,102203.26694575368,0.22857842313532264,0.0504708834953351,10.841805375436211,-0.0010836262737271563
2025-09-29,AAPL,254.56,255.0,253.01,254.43,40127687.0,-0.0040319423784546116,-0.004040092572912712,0.008882600322289047,10209687403.41,61391608.95,14874827251.905502,0.018129959067098387,0.007821404708564246,0.25,2.0,8,0.7182022071640006,0.5801304858775804,-0.07946669281059518,risk_on,0.5310540829117975,1,0.21880465087450723,21.043319689032796,102109.07487871512,0.22857842313532264,0.0,0.0,-0.0009216150310396021
2025-09-30,AAPL,254.855,255.919,253.11,254.63,37704259.0,0.0007860708249813886,0.0007857620331215287,0.007265443977536146,9600635469.17,61073040.0,14848606247.296,0.018094068250809447,0.011031693044810064,0.3333333333333333,3.0,9,0.95765717744506,0.3912109662103679,0.15217509882997923,risk_on,0.6832715194751053,1,0.23133315804009866,21.03135608360315,102127.42171778566,0.22857842313532264,0.0,0.0,0.00017967882964686765
2025-10-01,AAPL,255.04,258.79,254.93,255.45,48713940.0,0.0032203589522050713,0.003215184701967466,0.010217263652378294,12443975973.0,60187345.25,14678752755.323502,0.017770885256749608,0.015110589156390679,0.0,0.0,4,0.14418974432243695,0.10801279477784777,-0.7931960935699073,risk_on,-0.05052281316494975,1,0.17276319473589727,20.923628418916536,102202.59817975953,0.22857842313532264,0.0,0.0,0.0007361045712248604
2025-10-02,AAPL,256.575,258.18,254.15,257.13,42630239.0,0.0065766294773927925,0.0065550978020940676,-0.012017267530043174,10961513354.07,59941385.75,14656758318.746002,0.016109064471638415,0.01567300587251579,0.6666666666666666,2.0,3,0.16049556410459473,0.3749858166651392,1.0985608491163212,risk_on,0.3910066716190489,1,0.23326955868130494,20.369688157212806,102356.23685139861,0.22857842313532264,0.0,0.0,0.0015032755954877963
2025-10-03,AAPL,254.665,259.24,253.95,258.02,49155614.0,0.0034612841753198786,0.0034553077180889957,-0.049414774048523236,12683131524.279999,59655646.6,14633320622.113499,0.016103960748740674,0.020502286644446168,-0.4,-2.0,5,0.23925627726398746,0.16405387428467846,-1.8369244168565793,risk_on,-0.19102034215598768,1,0.1769618442142536,20.367986916246892,102426.44904557093,0.1769618442142536,0.05161657892106905,10.769489114838468,0.0006859591201486825
2025-10-06,AAPL,257.99,259.07,255.05,256.69,44664118.0,-0.005154639175257714,-0.005167970158442614,-0.03517862012544315,11464832449.42,59438877.75,14623762251.054499,0.01619674918689294,0.015660913942888176,0.7777777777777778,7.0,9,0.28915739083138425,0.19998797801883594,1.390501654398763,risk_on,0.4915923609823504,1,0.24132410041862787,20.39891639563098,102333.01825526464,0.1769618442142536,0.0,0.0,-0.0009121744547125887
2025-10-07,AAPL,256.805,257.4,255.43,256.48,31955776.0,-0.000818107444777616,-0.000818442277304321,-0.03395976294447911,8196017428.4800005,57720970.65,14256529788.313501,0.01603511361804191,0.007680910792264357,0.0,0.0,7,0.6025693445976855,0.24478263159074973,-0.7340490047633234,risk_on,0.2636883321240966,1,0.22217394479583938,20.345037872680635,102318.20311512191,0.1769618442142536,0.0,0.0,-0.00014477380219335423
2025-10-08,AAPL,256.52,258.52,256.11,258.06,36496895.0,0.006160324391765393,0.006141427162456914,-0.03379059133534834,9418388723.7,55373774.9,13781272159.5035,0.015464957661712396,0.009338913430984882,0.1428571428571428,1.0,7,1.4832974575983486,0.17997647745696788,-0.33491952659139085,risk_on,0.8589898647321246,1,0.2861318099891098,20.154985887237466,102429.74452308162,0.1769618442142536,0.0,0.0,0.0010901423653248976
2025-10-09,AAPL,257.805,258.0,253.14,254.04,38322012.0,-0.01557777261102078,-0.015700381088926463,-0.02594079672492522,9735323928.48,54779446.6,13690564396.0605,0.0138108723825003,0.01913084553613602,0.3333333333333333,3.0,9,0.7558920467502888,0.7115447703667461,0.1896128934789852,risk_on,0.6337667608193195,1,0.2980025002961065,19.6036241275001,102147.37937891878,0.1769618442142536,0.0,0.0,-0.0027566713699965772
2025-10-10,AAPL,254.94,256.38,244.0,245.27,61999098.0,-0.03452212250039355,-0.03513209037492793,0.028621519142169705,15206518766.460001,55088190.7,13797551622.4275,0.016165771902857905,0.050474986749296465,0.2857142857142857,2.0,7,-0.4234289332712049,1.568179389444344,0.06945641591446776,risk_on,0.07346980110903943,1,0.20199196207839223,20.38859063428597,101518.16995120926,0.20199196207839223,0.02503011786413864,5.18102925844383,-0.006159819581620818
2025-10-13,AAPL,249.38,249.69,245.56,247.66,38142942.0,0.009744363354670327,0.009697193227106382,0.05887103286764117,9446481015.72,54860361.6,13764526806.673502,0.015905978289669827,0.016676088185415404,0.2727272727272727,3.0,11,-0.4454030469092732,1.2040960861889647,0.012388317938336266,risk_on,-0.0239449473201037,1,0.19564945577444792,20.301992763223275,101717.98644674795,0.20199196207839223,0.0,0.0,0.001968283073214616
2025-10-14,AAPL,246.6,248.845,244.7,247.77,35477986.0,0.0004441573124445153,0.0004440587037830568,0.0605400169512047,8790380591.220001,53463205.95,13448859099.892,0.01579410302744302,0.016729224684182885,0.375,3.0,8,-0.5621528184518386,1.1421358158214068,0.28065779768678845,risk_on,-0.05273296836946414,1,0.19416592106134975,20.26470100914767,101727.11219867687,0.20199196207839223,0.0,0.0,8.971620701214711e-05
2025-10-15,AAPL,249.485,251.82,247.47,249.34,33893611.0,0.006336521774226167,0.006316530426094147,0.03653645624448543,8451032966.74,52832485.65,13315663199.0875,0.015796722815406172,0.017446057592042902,0.0,0.0,5,-0.49298309812120833,1.104177032018896,-0.7406814516213464,risk_on,-0.22309074279321506,1,0.1772404953186413,20.26557427180206,101857.31542188243,0.20199196207839223,0.0,0.0,0.0012799264659284493
2025-10-16,AAPL,248.25,249.04,245.13,247.45,39776974.0,-0.007580011229646355,-0.0076088855189340165,0.04902000404122053,9842812216.3,52608855.55,13281499352.9585,0.015939127829872512,0.01580117195393001,0.2222222222222222,2.0,9,-0.5457626904095575,0.9011909366573445,-0.13700734916364815,risk_on,-0.1746208967469952,1,0.18039873796960898,20.313042609957506,101701.36154966435,0.20199196207839223,0.0,0.0,-0.0015311013408525476
2025-10-17,AAPL,248.02,253.38,247.27,252.29,49146961.0,0.0195595069711052,0.019370678108878714,0.04173768282531998,12399286790.69,46879137.9,11891539063.143002,0.016321999154214832,0.024218161639383097,1.0,3.0,3,-0.7919544637204673,-0.33389303359524175,1.9681488233985174,risk_on,-0.1483215202716252,1,0.1786880859194285,20.44066638473828,102098.30606403448,0.1786880859194285,0.023303876158963732,4.863651387920566,0.003903040316488582
2025-10-20,AAPL,255.885,264.375,255.63,262.24,90483029.0,0.03943874113123802,0.03868089548874565,0.0250533862111042,23728269524.96,46127418.55,11726907544.927,0.017046171632497477,0.0333473154362415,0.3636363636363636,4.0,11,-0.8474814710495823,-0.9944391947142632,0.21054909990965429,risk_on,-0.6652669015906711,1,0.1254833663717576,20.682057210832493,102817.81663249804,0.1786880859194285,0.0,0.0,0.007047233163812727
2025-10-21,AAPL,261.88,265.29,261.83,262.77,46695948.0,0.0020210494203782847,0.002019009847587405,0.02370894698786019,12270294255.96,45448456.6,11573631466.3045,0.014400792065909954,0.013167408760513085,0.2727272727272727,3.0,11,-0.6545761881892763,-1.0034729659310144,-0.05227482216250077,risk_on,-0.6038952705322689,1,0.15461265977170568,19.800264021969987,102854.94799686584,0.1786880859194285,0.0,0.0,0.00036113745247590145
2025-10-22,AAPL,262.65,262.85,255.43,258.45,45015254.0,-0.016440232903299434,-0.016576873201058717,0.04352872896111437,11634192396.3,45584033.8,11621658632.6145,0.014829362120075426,0.028709615012574914,0.2,1.0,5,-0.8247210739152991,-0.4498800681479319,-0.24423273328802947,risk_on,-0.6336552046363717,1,0.1472681378671379,19.943120706691808,102552.79371612307,0.1786880859194285,0.0,0.0,-0.002937673749560221
2025-10-23,AAPL,259.94,260.62,258.0101,259.58,32754941.0,0.0043722189978718795,0.004362688617564281,0.045535095153709904,8502527584.78,44461677.1,11337797161.591,0.0146945108928148,0.010054318514523352,0.1,1.0,10,-1.1106826678494963,-0.7037911250672484,-0.5128022559790121,risk_on,-0.9097282769189499,1,0.12305814983714619,19.898170297604935,102632.91446492846,0.1786880859194285,0.0,0.0,0.000781263443950353
2025-10-24,AAPL,261.19,264.13,259.18,262.82,38253717.0,0.012481701209646312,0.0124044469558795,0.02872688532075185,10053841901.94,44070550.05,11251957213.254002,0.014426586198991998,0.018834183091088842,0.1111111111111111,1.0,9,-0.7716181917810918,-0.5177978562816382,-0.4731880790606551,risk_on,-0.6611681021371137,1,0.14867031753669607,19.80886206633067,102855.70351903481,0.14867031753669607,0.03001776838273243,6.116347247182385,0.0021707368953503003
2025-10-27,AAPL,264.88,269.12,264.6501,268.81,44888152.0,0.02279126398295417,0.022535423122463705,0.0008928239276813077,12066384139.12,44308573.3,11344792050.039501,0.015077216623757371,0.016628473643093555,0.2941176470588235,5.0,17,-0.24064689409475346,-0.11401327695285628,0.006067163719841735,risk_on,-0.16597735910345496,1,0.19160781917071293,20.02573887458579,103204.21818578309,0.14867031753669607,0.0,0.0,0.0033883844534083885
2025-10-28,AAPL,268.985,269.89,268.15,269.0,41534759.0,0.0007068189427477112,0.0007065692638832388,0.0038661710037175556,11172850171.0,44500098.3,11423402785.131,0.015009300284891251,0.006468401486988857,0.6666666666666666,8.0,12,-0.28697679457810726,-0.05580427828464865,1.037448230081674,risk_on,0.02414271361254075,1,0.21238320472462238,20.00310009496375,103215.06319429794,0.14867031753669607,0.0,0.0,0.00010508299665934473
2025-10-29,AAPL,269.275,271.41,267.11,269.7,51086742.0,0.0026022304832713505,0.0025988505438450105,0.001631442343344558,13778094317.4,44618738.4,11490108702.351,0.015002574784386538,0.015943641082684448,0.2,1.0,5,-0.3539321614927474,-0.5000125419077529,-0.24707025012668676,risk_on,-0.3617758553025364,1,0.17237670051575912,20.00085826146218,103254.99446327105,0.14867031753669607,0.0,0.0,0.0003868744322517159
2025-10-30,AAPL,271.99,274.14,268.48,271.4,69886534.0,0.006303299962921782,0.006283517255084803,-0.0060058953574060325,18967205327.6,45981553.15,11890393301.0275,0.015021464762157209,0.020854826823876002,0.125,1.0,8,-0.38615117780729635,-0.5367418251163202,-0.45226797263484086,risk_on,-0.42949266623461,1,0.16533179369891357,20.00715492071907,103351.75612357502,0.14867031753669607,0.0,0.0,0.0009371136070166486
2025-10-31,AAPL,276.99,277.32,269.16,270.37,86167123.0,-0.0037951363301399477,-0.003802356132567297,-0.007027406886858656,23297005045.510002,47832128.6,12421086977.089,0.01506827044030123,0.03018086326145629,-0.4444444444444444,-4.0,9,-0.5824633959782595,-0.14704045785208825,-1.9465282388277776,risk_on,-0.7681917769229288,1,0.13247013629137322,20.022756813433745,103290.09201654028,0.13247013629137322,0.016200181245322853,3.350553044719716,-0.0005966430503706599
2025-11-03,AAPL,270.42,270.85,266.25,269.05,50194583.0,-0.004882198468765031,-0.004894155332772598,0.0014123768816205473,13504852556.15,48108651.85,12523087982.4255,0.015151471062331112,0.017097193830143114,0.3571428571428571,5.0,14,-0.5587200236237415,0.5026683616642926,0.23151328828274614,risk_on,-0.18839568418483715,1,0.18835683088849695,20.050490354110373,103223.28961468943,0.13247013629137322,0.0,0.0,-0.0006467454965588537
2025-11-04,AAPL,268.325,271.486,267.615,270.04,49274846.0,0.0036796134547483206,0.0036728602382405384,0.019293438009183816,13306179413.84,48974605.35,12778596081.6935,0.015062226144425326,0.014334913346170812,0.2857142857142857,2.0,7,-0.4266467281519781,0.3989703292698491,0.04738104579758119,risk_on,-0.16671776187770082,1,0.1917216335326679,20.020742048141777,103273.60466100523,0.13247013629137322,0.0,0.0,0.000487438895850012
2025-11-05,AAPL,268.61,271.7,266.93,270.14,43683072.0,0.00037031550881327924,0.0003702469589486057,0.012326941585844464,11800545070.08,49333914.2,12897703899.0125,0.015051265781424211,0.017657510920263433,0.3333333333333333,3.0,9,-0.5567850941088859,0.4373917069527975,0.17713351613644113,risk_on,-0.21116601184748382,1,0.18725195853513776,20.017088593808072,103278.67082471607,0.13247013629137322,0.0,0.0,4.9055745923398675e-05
2025-11-06,AAPL,267.89,273.4,267.89,269.77,51204045.0,-0.0013696601762049898,-0.0013705990180650218,0.011787819253438192,13813315219.65,49978015.85,13101603463.571,0.015051441699095423,0.020424806316491715,-0.4,-2.0,5,-0.16213181902394394,0.6424587969800862,-1.7409361635050034,risk_on,-0.3169745647193498,1,0.1763720696927702,20.017147233031807,103259.93203870862,0.13247013629137322,0.0,0.0,-0.00018143907021472838
2025-11-07,AAPL,269.795,272.29,266.77,268.47,48227365.0,-0.004818919820587686,-0.004830568251676048,0.014675755205423302,12947600681.550001,49289429.2,12988657559.3255,0.01459130789327466,0.020560956531456093,-1.0,-4.0,4,0.6672701486333869,0.6483630945473643,-3.0,risk_on,-0.06996529191049516,1,0.20831332679152673,19.86376929775822,103178.46821747188,0.20831332679152673,0.0758431905001535,15.546504812433454,-0.0007889199579000916
2025-11-10,AAPL,268.96,273.73,267.455,269.43,41312412.0,0.003575818527209673,0.003569440488091047,-0.007311732175333208,11130803165.16,49447902.7,13072873666.7975,0.011835521507428719,0.023289908324982407,0.5714285714285714,4.0,7,0.5033616982835278,0.3785699918724134,0.7993814190331425,risk_on,0.5376073011512279,1,0.33598323069404346,18.945173835809573,103255.3248940798,0.20831332679152673,0.0,0.0,0.000744890653405772
2025-11-11,AAPL,269.81,275.91,269.8,275.25,46208318.0,0.021601158000222664,0.02137115925182087,-0.028374205267938213,12718839529.5,49984419.3,13269296613.7115,0.012366622721134162,0.022198001816530394,0.4166666666666667,5.0,12,1.0664692358129197,-0.18066675333206192,0.443191099711165,risk_on,0.6923864107635723,1,0.3395058002272223,19.122207573711385,103719.95414317225,0.20831332679152673,0.0,0.0,0.004499809085575679
2025-11-12,AAPL,275.0,275.73,271.7,273.47,48397982.0,-0.006466848319709229,-0.006487848970948562,-0.017954437415438673,13235396137.54,50709637.85,13508514772.251501,0.012587104886495695,0.014736534171938473,1.0,1.0,1,0.7000973055768692,0.042188428437002976,1.8531185588474173,risk_on,0.7991197808030056,1,0.34521396520027997,19.1957016288319,103580.22981005702,0.20831332679152673,0.0,0.0,-0.0013471306873348299
2025-11-13,AAPL,274.11,276.699,272.09,272.95,49602794.0,-0.0019014882802502742,-0.001903298404073439,-0.02454662026012089,13539082622.3,51200928.85,13693328292.5515,0.01266447038517988,0.01688587653416384,1.0,2.0,2,0.8328620833656656,0.08311923891557296,1.7819859594683776,risk_on,0.8727382896961895,1,0.35082934705979657,19.22149012839329,103539.20112692536,0.20831332679152673,0.0,0.0,-0.0003961053495140643
2025-11-14,AAPL,271.05,275.96,269.6,272.41,47431331.0,-0.0019783843194722817,-0.0019803439067018758,-0.0033772622150435305,12920768877.710001,51115147.35,13719402396.9025,0.012456977055422303,0.02334716053008308,0.375,3.0,8,0.24227497697748118,0.017076341940507892,0.261749644275884,risk_on,0.2011301834297671,1,0.27818873658555326,19.152325685140767,103482.67945740516,0.27818873658555326,0.06987540979402654,13.850698508477327,-0.0005458963262707783
2025-11-17,AAPL,268.815,270.49,265.73,267.46,45018260.0,-0.01817113909181034,-0.01833826187641474,0.031630898078217395,12040583819.599998,48841908.9,13135018111.6345,0.012913109194900562,0.01779705376504888,0.1666666666666666,1.0,6,-1.213253320448897,0.7424247353264052,-0.237731982710958,risk_on,-0.6270134417462488,1,0.16985672806362492,19.30436973163352,102959.57386843677,0.27818873658555326,0.0,0.0,-0.005055006226270975
2025-11-18,AAPL,269.99,270.71,265.32,267.44,45677278.0,-7.477753682783028e-05,-7.478033280694518e-05,0.035634160933293524,12215931228.32,48790975.4,13132299960.2525,0.009827142364321955,0.020154053245587666,0.1111111111111111,1.0,9,-1.2318610078690033,1.4139478811920223,-0.3712609383918776,risk_on,-0.530579216161373,1,0.2374226379387166,18.27571412144065,102957.43207573702,0.27818873658555326,0.0,0.0,-2.0802268495101472e-05
2025-11-19,AAPL,265.525,272.21,265.5,268.56,40424492.0,0.004187855219862424,0.004179110559936028,0.03347482871611551,10856401571.52,48561437.3,13093410419.0135,0.0098499543348118,0.024985105749180645,0.0833333333333333,1.0,12,-0.6933446316438374,1.0623093253771765,-0.42240340741178745,risk_on,-0.28802559539322464,1,0.27403338127557714,18.283318111603933,103077.37894122233,0.27818873658555326,0.0,0.0,0.0011650141526167168
2025-11-20,AAPL,270.83,275.43,265.92,266.25,45823568.0,-0.008601429848078657,-0.008638635648144266,0.0473239436619719,12200524980.0,49214868.65,13278310288.7745,0.009284954716545817,0.03571830985915476,0.2857142857142857,2.0,7,-0.9848828544329767,1.2350217937244963,0.07166856045532426,risk_on,-0.3295916418238219,1,0.28382413142376417,18.094984905515272,102830.73323434095,0.27818873658555326,0.0,0.0,-0.002392820902266224
2025-11-21,AAPL,265.95,273.33,265.67,271.49,59030832.0,0.019680751173708932,0.019489589259501727,0.042764006040738156,16026280579.68,50253724.4,13576932222.661499,0.010091165402275807,0.028214667206895055,0.5,3.0,6,-0.781049341188311,0.5409031003517911,0.5969667722310078,risk_on,-0.24105563019642678,1,0.2746862777423112,18.363721800758604,103393.06271569227,0.2746862777423112,0.0035024588432420733,0.6650096371674381,0.0054684962721196495
2025-11-24,AAPL,270.9,277.0,270.9,275.92,65585796.0,0.01631735975542381,0.016185662345448826,0.037220933603943074,18096432832.32,51288606.6,13878434657.321499,0.010318963711150746,0.02210785734995651,-0.125,-1.0,8,-0.9170851192746453,-0.5679501332530963,-0.9560725439903847,risk_on,-0.8550556070134834,1,0.18214772655239886,18.43965457038358,103856.4864294569,0.2746862777423112,0.0,0.0,0.004482154813799655
2025-11-25,AAPL,275.27,280.38,275.25,276.97,46914220.0,0.003805450855320469,0.0037982284444346703,0.025923385204173588,12993831513.400002,51557579.65,13969483724.441502,0.009212663888404112,0.018521861573455523,0.0,0.0,6,-0.8108158869125996,-0.6797391853963051,-0.6203773110741495,risk_on,-0.7465128314416507,1,0.21989011695080787,18.070887962801372,103965.04814756554,0.2746862777423112,0.0,0.0,0.0010453051305792105
2025-11-26,AAPL,276.96,279.53,276.63,277.55,33431423.0,0.002094089612593386,0.002091900063150298,0.01134930643127352,9278891453.65,50674813.7,13744523581.254002,0.009211927154797612,0.010448567825616885,1.0,3.0,3,-0.8196429917440687,-0.6162461499236733,1.8078319424228366,risk_on,-0.25346863654660856,1,0.29881389672698305,18.070642384932537,104024.85068146003,0.2746862777423112,0.0,0.0,0.0005752176809421528
2025-11-28,AAPL,277.26,279.0,275.9865,278.85,20135620.0,0.004683840749414525,0.00467290569939216,-0.0002510310202619159,5614817637.0,48187268.0,13076904196.723999,0.009235196776760185,0.010806885422270075,0.5,2.0,4,-0.8395345058120913,-1.048883518713208,0.5817280165210575,risk_on,-0.5971518039256848,1,0.24214557069689543,18.07839892558673,104152.56019151509,0.24214557069689543,0.03254070704541576,6.12748772660926,0.0012276827048387506
2025-12-01,AAPL,278.01,283.42,276.14,283.1,46587722.0,0.01524116908732287,0.015126189282290703,-0.018403391027905447,13188984098.2,46208297.95,12571503149.3585,0.00965761141039427,0.02571529494878136,-0.125,-1.0,8,-0.2693515738562487,-0.8939943826386879,-0.9374154037807247,risk_on,-0.5278929015976317,1,0.24199914207875883,18.219203803464758,104536.94371236948,0.24214557069689543,0.0,0.0,0.003690581586737629
2025-12-02,AAPL,283.0,287.4,282.6301,286.19,53669532.0,0.010914871070293097,0.01085573379308169,-0.0314825815017995,15359683363.08,46382045.4,12664244689.704998,0.009745067806880729,0.016666899612145545,0.6,3.0,5,0.18900468307818324,-0.7102586467800438,0.8001697228618257,risk_on,0.13138502506326633,1,0.3444120496159041,18.24835593562691,104813.23356716601,0.24214557069689543,0.0,0.0,0.0026429876843991895
2025-12-03,AAPL,286.2,288.62,283.3,284.15,43538687.0,-0.007128131660784853,-0.007153658167804444,-0.01889846911842341,12371517911.05,46095237.45,12617511614.5655,0.009844905184469817,0.018722505718810397,0.3333333333333333,2.0,6,-0.1463261911396744,-0.35208760362841474,0.1659334409697595,risk_on,-0.1250265472155357,1,0.2999583712314799,18.28163506148994,104632.32115608329,0.24214557069689543,0.0,0.0,-0.0017260455090033489
2025-12-04,AAPL,284.095,284.73,278.59,280.7,43989056.0,-0.012141474573288735,-0.012215784375293914,-0.00951193444959042,12347728019.199999,46110536.65,12644870762.0215,0.010354319433969724,0.021873886711792023,0.6666666666666666,4.0,6,-0.5638308463448485,0.1418321488360357,0.9591148227493692,risk_on,-0.11810911348982805,1,0.2862491847661917,18.45143981132324,104324.70168304828,0.24214557069689543,0.0,0.0,-0.0029400042896507994
2025-12-05,AAPL,280.54,281.14,278.05,278.78,47265845.0,-0.006840042750267283,-0.006863543066097044,-0.0017935289475572436,13176772269.099998,45913626.65,12613043614.494,0.010525580051781676,0.01108400889590345,0.125,1.0,8,-0.781921528322403,0.5558728998032055,-0.3452424164811864,risk_on,-0.427026820329038,1,0.2363039651959255,18.508526683927226,104150.78404905924,0.2363039651959255,0.005841605500969932,1.1260853623828435,-0.0016670800987997891
2025-12-08,AAPL,278.13,279.6693,276.15,277.89,38211832.0,-0.003192481526651747,-0.0031975883676942374,-0.01360250458814627,10618685994.48,45412850.0,12496597880.1405,0.010558351266034166,0.012664363597106881,0.6,6.0,10,-0.7593433772680773,1.1694253410063684,0.8059679420299294,risk_on,-0.060527369753586774,1,0.28928866903347616,18.51945042201139,104072.21310963869,0.2363039651959255,0.0,0.0,-0.000754396043562533
2025-12-09,AAPL,278.16,280.03,276.92,277.18,32193256.0,-0.0025549677930115644,-0.0025582372933889985,-0.009271953243379705,8923326698.08,44956892.2,12386224056.786499,0.010502378908696965,0.011220145753661682,0.2,1.0,5,-0.9628572626708435,1.5661564174301688,-0.17100472100714406,risk_on,-0.29868401831790115,1,0.2554456397285803,18.500792969565655,104009.37961291909,0.2363039651959255,0.0,0.0,-0.0006037490204364726
2025-12-10,AAPL,277.75,279.75,276.44,278.78,33038318.0,0.005772422252687592,0.005755825661083236,-0.024894181792094128,9210422292.039999,44298392.2,12210803194.9135,0.010534205114291699,0.01187316163282872,-0.3333333333333333,-1.0,3,-1.4338715442829753,1.119723310912083,-1.4236784910550642,risk_on,-0.9211139625983814,1,0.17026785644583084,18.511401704763898,104151.25321892298,0.2363039651959255,0.0,0.0,0.001364046267095187
2025-12-11,AAPL,279.095,279.59,273.81,278.03,33247986.0,-0.0026902934213358654,-0.0026939187642991413,-0.021004927525806516,9243937547.58,43540892.4,12011230265.415499,0.009522245523726592,0.020789123475883724,0.5714285714285714,4.0,7,-1.2915576196947613,0.7857542870641465,0.7279650547396959,risk_on,-0.47219070345608827,1,0.2540985853616377,18.1740818412422,104085.04145485519,0.2363039651959255,0.0,0.0,-0.0006357270030021844
2025-12-12,AAPL,277.9,279.22,276.82,278.28,39532887.0,0.0008991835413445504,0.0008987795179997704,-0.016566048584159665,11001211794.359999,43037397.05,11884336724.0185,0.009386643946309671,0.00862440707201389,0.0,0.0,6,-1.1739330105793087,0.5129945376154537,-0.6270520715479417,risk_on,-0.7271713131340828,1,0.21865604379372916,18.12888131543656,104103.82673676783,0.21865604379372916,0.017647921402196343,3.33077392069883,0.0001804801309590598
2025-12-15,AAPL,280.15,280.15,272.84,274.11,50409078.0,-0.014984907287623805,-0.015098315376801175,-0.011455255189522395,13817632370.58,43186284.4,11929179898.661999,0.009994480148865668,0.026668125934843582,0.75,6.0,8,-1.514274347555031,0.8719011813096831,1.183140044644706,risk_on,-0.4975563633421407,1,0.23832167677838842,18.331493382955223,103762.72632766598,0.21865604379372916,0.0,0.0,-0.0032765405441276263
2025-12-16,AAPL,272.82,275.5,271.79,274.61,37648628.0,0.001824085221261429,0.0018224235981350034,-0.008193437966570793,10338689735.08,42817802.8,11844085194.436,0.009986541443882798,0.013510068824878794,0.5555555555555556,5.0,9,-0.8801574686842026,0.7080826645592743,0.6615820730942902,risk_on,-0.25416153367980876,1,0.27552862440639253,18.328847147960932,103804.11180654683,0.21865604379372916,0.0,0.0,0.00039884725802363796
2025-12-17,AAPL,275.01,276.16,271.64,271.84,50138743.0,-0.010087032518845018,-0.010138251353152938,0.007246909947027813,13629715897.119999,43040876.05,11914774427.876,0.009370445448650809,0.01662742789876406,-0.3333333333333333,-2.0,6,-1.169621443495837,1.22025605575784,-1.5788838021764184,risk_on,-0.7734984153812178,1,0.21224890548935268,18.123481816216938,103575.16243079401,0.21865604379372916,0.0,0.0,-0.0022055906241893464
2025-12-18,AAPL,273.605,273.63,266.95,272.19,51630721.0,0.0012875220718069347,0.0012866939260254284,0.004445424152246469,14053365948.99,43601187.5,12074622646.7495,0.009368689314491656,0.024541680443807567,0.25,2.0,8,-1.2234699132013278,1.0521175106580443,-0.07891672254470965,risk_on,-0.5394417902981297,1,0.24765276578983855,18.122896438163885,103604.32137479911,0.21865604379372916,0.0,0.0,0.0002815244825185026
2025-12-19,AAPL,272.145,274.6,269.9,273.67,144632048.0,0.0054373783019214805,0.005422649128458801,0.0003288632294369265,39581452576.16,48541611.5,13443669026.557499,0.009394677480834895,0.01717396864837223,1.0,1.0,1,-0.7460937170736378,0.8812746754973966,1.812651632665101,risk_on,0.09112903138831685,1,0.35053033458317895,18.1315591602783,103702.69602951183,0.35053033458317895,0.1318742907894498,24.80214210930694,0.0009495226975797522
2025-12-22,AAPL,272.86,273.88,270.505,270.97,36571827.0,-0.00986589688310735,-0.009914887333235534,0.00778683987157236,9909867962.19,47418661.25,13137848395.683,0.009462693508303237,0.012455253349079185,0.0,0.0,2,-1.6562738095245384,0.6625544421764439,-0.703318367746251,risk_on,-1.0019170708286844,1,0.17878613461997248,18.15423116943441,103344.06139660254,0.35053033458317895,0.0,0.0,-0.0034582961353987196
2025-12-23,AAPL,270.84,272.5,269.56,272.36,29641999.0,0.005129719157102253,0.005116606969895798,-0.0018358055514759997,8073294847.64,45621471.4,12636691496.449,0.008501031965261464,0.010794536642678758,-0.25,-1.0,4,-1.9291846093860925,0.5367609899046966,-1.303063987128018,risk_on,-1.3107713650763197,1,0.1573607035364338,17.83367732175382,103529.8866447915,0.35053033458317895,0.0,0.0,0.0017981221724567842
2025-12-24,AAPL,272.34,275.43,272.195,273.81,17910574.0,0.005323836099280221,0.005309714582129921,,4904094266.94,44171289.1,12232204634.126,0.007764628028967981,0.011814762061283377,0.5,2.0,4,-1.8257805203357205,-0.04756477612631926,0.5817482752412576,risk_on,-0.9886316123784443,1,0.2200091005810163,17.588209342989327,103723.09060432004,0.35053033458317895,0.0,0.0,0.0018661660491468002
2025-12-26,AAPL,274.16,275.37,272.86,273.4,21521802.0,-0.0014973887001936692,-0.0014985109070471125,,5884060666.799999,43575808.05,12062463094.7835,0.007709212720355723,0.009180687637161601,1.0,1.0,1,-1.8481451264077404,0.054173891217049124,1.7571103967250905,risk_on,-0.7466302182562164,1,0.26275217579352306,17.56973757345191,103652.66022622153,0.26275217579352306,0.08777815878965589,15.988185490668226,-0.0006790231344646624
2025-12-29,AAPL,272.69,274.36,272.35,273.76,23715213.0,0.0013167520117045584,0.0013158858540345264,,6492276710.88,43754787.7,12106336048.4775,0.007697541669434998,0.0073421975452950886,0.7777777777777778,7.0,9,-1.8596834382356342,0.21072463540368092,1.2000376398166734,risk_on,-0.8336576078973097,1,0.24786040585581454,17.565847223145,103688.52191722534,0.26275217579352306,0.0,0.0,0.000345979456055856
2025-12-30,AAPL,272.81,274.08,272.28,273.08,22139617.0,-0.002483927527761609,-0.0024870175938040973,,6045886610.36,42532382.45,11749181174.085499,0.007608711904287601,0.006591475025633531,0.3333333333333333,2.0,6,-2.2461814947713443,-0.07512673203211442,0.08443886147691368,risk_on,-1.345846470973847,1,0.17100716991476586,17.5362373014292,103620.8488399963,0.26275217579352306,0.0,0.0,-0.0006526573624326959
2025-12-31,AAPL,273.06,273.68,271.75,271.86,27293639.0,-0.004467555295151526,-0.0044775646429773275,,7420048698.54,41213587.8,11352199440.858501,0.006666627967844782,0.007099242257044064,0.7142857142857143,5.0,7,-2.5002051801986855,0.2849262207945613,1.0461946849264518,risk_on,-1.2338989269750087,1,0.21307847320124593,17.222209322614926,103499.21248340429,0.26275217579352306,0.0,0.0,-0.0011738598742789819
