date,ticker,open,high,low,close,volume,ret_1d,logret_1d,fwd_ret_5d,dollar_volume,adv_shares_20d,adv_dollars_20d,vol_21d,hl_range,sent_mean,sent_sum,sent_count
2025-01-03,AAPL,243.36,244.18,241.89,243.36,40244114.0,-0.002009432027885949,-0.002011453645079264,-0.036817882971729166,9793807583.04,,,,0.009409927679158494,0.2,1.0,5
2025-01-06,AAPL,244.31,247.33,243.2,245.0,45045571.0,0.006738987508218219,0.0067163820337450275,-0.0478367346938775,11036164895.0,,,,0.016857142857142886,0.25,1.0,4
2025-01-07,AAPL,242.98,245.55,241.35,242.21,40855960.0,-0.01138775510204082,-0.011453092086492589,-0.0179183353288469,9895722071.6,,,,0.01734032451178729,1.0,2.0,2
2025-01-08,AAPL,241.92,243.7123,240.05,242.7,37628940.0,0.0020230378597083654,0.0020209942743205644,-0.059497321796456504,9132543738.0,,,,0.015089822826534705,0.0,0.0,5
2025-01-10,AAPL,240.01,240.16,233.0,236.85,61710856.0,-0.02410383189122367,-0.024399083362794727,-0.029005699810006336,14616216243.6,,,,0.030230103440996272,0.0,0.0,2
2025-01-13,AAPL,233.53,234.67,229.72,234.4,49630725.0,-0.010344099641123039,-0.010397971666902706,-0.05017064846416386,11633441940.0,,,,0.021117747440272897,0.6666666666666666,2.0,3
2025-01-14,AAPL,234.75,236.12,232.472,233.28,39435294.0,-0.004778156996587013,-0.004789608882564522,-0.04050925925925919,9199465384.32,,,,0.015637860082304444,0.4,2.0,5
2025-01-15,AAPL,234.635,238.96,234.43,237.87,39831969.0,0.01967592592592604,0.01948485713212378,-0.059738512632950824,9474830466.03,,,,0.019044015638794223,0.25,1.0,4
2025-01-16,AAPL,237.35,238.01,228.03,228.26,71759052.0,-0.040400218606802096,-0.04123897582696312,-0.02400771050556383,16379721209.519999,,,,0.04372207132217623,0.2857142857142857,2.0,7
2025-01-17,AAPL,232.115,232.29,228.48,229.98,68488301.0,0.00753526680101646,0.007507018495064521,-0.0005217845030001111,15750939463.98,,,,0.016566657970258223,0.6666666666666666,2.0,3
2025-01-21,AAPL,224.0,224.42,219.38,222.64,98070429.0,-0.031915818766849346,-0.03243623140288321,0.07015810276679835,21834400312.559998,,,,0.02263744160977349,0.2,1.0,5
2025-01-22,AAPL,219.79,224.12,219.79,223.83,64126500.0,0.005344951491196737,0.005330717933897056,0.06938301389447354,14353434495.0,,,,0.019345038645400495,0.0,0.0,5
2025-01-23,AAPL,224.74,227.03,222.3,223.66,60234760.0,-0.0007595049814592691,-0.0007597935514898069,0.06228203523204878,13472106421.6,,,,0.021148171331485152,0.8,4.0,5
2025-01-24,AAPL,224.78,225.63,221.41,222.78,54697907.0,-0.003934543503532173,-0.0039423041829991234,0.05934105395457401,12185599721.460001,,,,0.018942454439357125,1.0,1.0,1
2025-01-27,AAPL,224.02,232.15,223.98,229.86,94863418.0,0.0317802316186373,0.03128569052356944,-0.008048377273122909,21805305261.48,,,,0.03554337422779074,0.1428571428571428,1.0,7
2025-01-28,AAPL,230.85,240.19,230.81,238.26,75707569.0,0.03654398329417896,0.03589208643060182,-0.02291614202971537,18038085389.94,,,,0.03936875682028018,-0.2,-1.0,5
2025-01-29,AAPL,234.12,239.855,234.01,239.36,45486100.0,0.004616805170821969,0.00460618041489802,-0.028785093582887722,10887552896.0,,,,0.02441928475935818,0.5,3.0,6
2025-01-30,AAPL,238.665,240.79,237.21,237.59,55658279.0,-0.007394719251336945,-0.007422195725416358,-0.01839303000968051,13223850507.61,,,,0.015067974241339993,0.6,3.0,5
2025-01-31,AAPL,247.19,247.19,233.44,236.0,101075128.0,-0.006692200850204166,-0.006714694035085955,-0.035466101694915264,23853730208.0,60014580.15,14007964773.154501,,0.058262711864406534,0.375,3.0,8
2025-02-03,AAPL,229.99,231.83,225.7,228.01,73063301.0,-0.033855932203389894,-0.03444231738385284,-0.0015788781193806223,16659163261.01,60880708.65,14161304073.4875,,0.026884785755010732,-0.5,-1.0,2
2025-02-04,AAPL,227.25,233.13,226.65,232.8,45067301.0,0.021007850532871464,0.020790228215525453,-0.000773195876288657,10491667672.800001,61121868.0,14196197077.9755,0.02000242184232485,0.027835051546391588,-1.0,-3.0,3
2025-02-05,AAPL,228.53,232.67,228.27,232.47,39664989.0,-0.0014175257731959823,-0.0014185314133143834,0.01892717339871819,9220919992.83,60852838.9,14105434832.866999,0.02000284670202463,0.018927173398717936,-0.3333333333333333,-1.0,3
2025-02-06,AAPL,231.285,233.8,230.425,233.22,29925349.0,0.003226222738417883,0.003221029648218021,0.035631592487779695,6979189893.78,60306308.35,13959608223.976002,0.019940822471814713,0.014471314638538657,0.3333333333333333,2.0,6
2025-02-07,AAPL,232.6,234.0,227.26,227.63,39707224.0,-0.023968784838350077,-0.024260710332889346,0.07455080613275933,9038555399.119999,60410222.55,13954908807.032001,0.020415457529475926,0.029609453938408734,0.375,3.0,8
2025-02-10,AAPL,229.57,230.585,227.2,227.65,33115645.0,8.786188112286375e-05,8.78580214935809e-05,0.07388535031847132,7538776584.25,58980462.0,13601036824.0645,0.020397181312240775,0.014869316933889763,0.0,0.0,1
2025-02-11,AAPL,228.2,235.23,228.13,232.62,53718362.0,0.021831759279595797,0.021596859130101898,0.05266099217608122,12495965368.44,59184843.85,13644162995.4865,0.020466350566142193,0.03052188117960607,-0.3333333333333333,-1.0,3
2025-02-12,AAPL,231.2,236.96,230.68,236.87,45243292.0,0.018270140142722102,0.01810524652359735,0.03782665597163004,10716778576.04,59475243.75,13720028655.0725,0.020739906896616273,0.026512432980115568,0.6,3.0,5
2025-02-13,AAPL,236.91,242.3399,235.57,241.53,53614054.0,0.01967323848524516,0.01948222154550905,0.016643895168302114,12949402462.62,60164348.0,13893757254.901999,0.021099925430137122,0.02802923032335519,0.5,2.0,4
2025-02-14,AAPL,241.25,245.55,240.99,244.6,40896227.0,0.012710636359872352,0.012630534273072591,0.010220768601798769,10003217124.199999,58621206.75,13574932050.636,0.02085939267255087,0.018642681929681045,0.25,1.0,4
2025-02-18,AAPL,244.15,245.18,241.84,244.47,48822491.0,-0.0005314799672935244,-0.0005316212528336806,0.010512537325643168,11935634374.77,57637916.25,13384166796.1755,0.018536577470527133,0.013662208041886488,-0.25,-1.0,4
2025-02-19,AAPL,244.66,246.01,243.1604,244.87,32204215.0,0.001636192579866691,0.0016348554750962307,-0.018417936047698702,7885846127.05,54344605.55,12686739086.9,0.018516038555114495,0.011637195246457179,0.2857142857142857,2.0,7
2025-02-20,AAPL,244.94,246.78,244.29,245.83,32316907.0,0.0039204475844325515,0.003912782656568581,-0.034698775576618046,7944465247.81,52754125.9,12366290624.5405,0.01668281776917126,0.010128950901029162,0.8,4.0,5
2025-02-21,AAPL,245.95,248.69,245.22,245.55,53197431.0,-0.0011389984948948495,-0.001139647646649422,-0.015108939116269648,13062629182.050001,52402259.45,12345816762.563,0.016733351427835257,0.014131541437589023,0.125,1.0,8
2025-02-24,AAPL,244.925,248.86,244.42,247.1,51326396.0,0.006312360008144946,0.006292520509310506,-0.03670578713071626,12682752451.6,52233683.9,12370674399.07,0.01669220332747703,0.01796843383245653,0.25,1.0,4
2025-02-25,AAPL,248.0,250.0,244.91,247.04,48013272.0,-0.00024281667341163882,-0.00024284615815250987,-0.044972474093264214,11861198714.88,49891176.6,11873469071.74,0.016613879068967666,0.020603950777202003,-1.0,-1.0,1
2025-02-26,AAPL,244.33,244.98,239.13,240.36,44433564.0,-0.027040155440414382,-0.027412467370684368,-0.01922116824762854,10680051443.04,48327476.35,11505567374.395,0.016841556212974926,0.02433849226160746,-0.5,-2.0,4
2025-02-27,AAPL,239.41,242.46,237.06,237.3,41153639.0,-0.01273090364453322,-0.012812636024009727,-0.00830172777075433,9765758534.7,48110853.3,11449477656.33,0.015177156414277226,0.02275600505688994,1.0,1.0,1
2025-02-28,AAPL,236.95,242.09,230.2,241.84,56833360.0,0.01913190054782965,0.01895118702948473,-0.011453853787628199,13744579782.4,48169607.35,11475514120.0695,0.015722565340282695,0.04916473701620892,0.0,0.0,6
2025-03-03,AAPL,241.79,244.0272,236.112,238.03,47183985.0,-0.015754217664571635,-0.01587963432324635,-0.04432214426752934,11231203949.55,45475050.2,10844387807.147,0.016038007610250756,0.03325295130865843,0.1666666666666666,1.0,6
2025-03-04,AAPL,237.705,240.07,234.68,235.93,53798062.0,-0.008822417342351785,-0.008861565289334017,-0.06395964904844653,12692576767.66,44511788.25,10646058482.4795,0.01609050504862389,0.022845759335395937,0.2,1.0,5
2025-03-05,AAPL,235.42,236.55,229.23,235.74,47227643.0,-0.0008053236129360597,-0.0008056480601981164,-0.07957919742088748,11133444560.82,44619805.35,10678147326.8805,0.01409474822253319,0.031051158055484817,0.25,1.0,4
2025-03-06,AAPL,234.435,237.86,233.1581,235.33,45170419.0,-0.0017392042080257575,-0.0017407183795548065,-0.10899587812858536,10629954703.27,44895076.85,10748599062.4025,0.013391954421378457,0.01998002804572304,-0.25,-1.0,4
2025-03-07,AAPL,235.105,241.37,234.76,239.07,46273565.0,0.01589257638210162,0.015767611658897174,-0.10699795039109883,11062621184.55,45712487.65,10952770626.941,0.013788397418622303,0.02764880578909937,0.5,2.0,4
2025-03-10,AAPL,235.54,236.16,224.22,227.48,72071197.0,-0.048479524825364995,-0.049694073639167335,-0.05925795674344991,16394755893.56,47330686.3,11320580651.663,0.01755317222938406,0.052488130824687645,1.0,2.0,2
2025-03-11,AAPL,223.805,225.8399,217.45,220.84,76137410.0,-0.029189379286091,-0.029623865022754714,-0.03690454627784823,16814185624.4,49481774.55,11784351103.6705,0.017927163944635442,0.0379908531063212,0.0,0.0,2
2025-03-12,AAPL,220.14,221.75,214.91,216.98,62547467.0,-0.017478717623618967,-0.01763327402153969,-0.008019172273942221,13571549389.66,49923229.8,11838130304.7315,0.01826647756290643,0.03152364273204891,-0.25,-1.0,4
2025-03-13,AAPL,215.95,216.8394,208.42,209.68,61368330.0,-0.03364365379297618,-0.034222624379153466,0.021079740557039317,12867711434.4,50729481.7,11945676947.6495,0.018636663702181883,0.04015356734070958,0.5,1.0,2
2025-03-14,AAPL,211.25,213.95,209.58,213.49,60107582.0,0.018170545593285015,0.018007434149081902,0.022389807485128088,12832367681.18,51054158.1,11939825208.5775,0.01863052055875971,0.020469342826361682,0.5,1.0,2
2025-03-17,AAPL,213.31,215.22,209.97,214.0,48073426.0,0.0023888706730994524,0.002386021857618381,0.031448598130841,10287713164.0,51413018.05,11954050010.567501,0.017862687407676932,0.024532710280373717,0.0,0.0,2
2025-03-18,AAPL,214.16,215.15,211.49,212.69,42432426.0,-0.006121495327102822,-0.006140308495397484,0.05200056420141985,9024952685.94,51093514.8,11808515926.126,0.01736363379988294,0.01720814330716056,-0.2,-1.0,5
2025-03-19,AAPL,214.22,218.76,213.75,215.24,54385391.0,0.011989280173021921,0.01191797809476558,0.02922319271510876,11705911558.84,52202573.6,11999519197.7155,0.01778819953990015,0.023276342687232707,0.5,2.0,4
2025-03-20,AAPL,213.99,217.4899,212.22,214.1,48862947.0,-0.005296413306076997,-0.005310489025582399,0.04553946753853344,10461556952.699999,53029875.6,12125373782.960001,0.017705627545179573,0.024614198972442703,1.0,2.0,2
2025-03-21,AAPL,211.56,218.84,211.28,218.27,94127768.0,0.019476879962634364,0.019289632955349134,-0.0016951482109314187,20545267921.36,55076392.45,12499505719.925499,0.01846056170650194,0.034636001282814716,0.0,0.0,2
2025-03-24,AAPL,221.0,221.48,218.58,220.73,44299483.0,0.011270444861868123,0.01120740660213393,0.006342590495175049,9778224882.59,54725046.8,12354279341.475,0.01880198798946805,0.013138223168576832,1.0,2.0,2
2025-03-25,AAPL,220.77,224.1,220.08,223.75,34493583.0,0.013681873782449117,0.0135891220018447,-0.0025027932960893784,7717939196.25,54049062.35,12147116365.543499,0.019088144868311965,0.017966480446927214,0.0,0.0,1
2025-03-26,AAPL,223.51,225.02,220.47,221.53,34532656.0,-0.009921787709497254,-0.009971336660380636,0.010653184670247784,7650019283.68,53554016.95,11995614757.5755,0.019096047455083958,0.020538978919333685,0.0,0.0,1
2025-03-27,AAPL,221.39,224.99,220.5601,223.85,37094774.0,0.01047262221820966,0.010418164192390833,-0.0922939468394014,8303665159.9,53351073.7,11922510088.835499,0.018681379252557858,0.019789591244136626,0.0,0.0,4
2025-03-28,AAPL,221.67,223.81,217.68,217.9,39818617.0,-0.026580299307571997,-0.026939942736400546,-0.13547498852684725,8676476644.300001,52500336.55,11669104931.9305,0.01926932662573749,0.028132170720513848,0.0,0.0,0
2025-03-31,AAPL,217.005,225.62,216.23,222.13,65299321.0,0.01941257457549339,0.019226554118956685,-0.1830909827578444,14504938173.73,53406103.35,11832791643.1395,0.01928617174071955,0.04227254310538862,0.75,3.0,4
2025-04-01,AAPL,219.805,223.68,218.9,223.19,36412740.0,0.004771980371854223,0.004760630566562618,-0.22747434920919396,8126959440.6,52536837.25,11604510776.7865,0.019173075872920584,0.02141673014023917,0.0,0.0,4
2025-04-02,AAPL,221.315,225.19,221.02,223.89,35905904.0,0.003136341233926254,0.0031314331753122815,-0.1118406360266202,8038972846.559999,51970750.3,11449787191.0735,0.01916545210454842,0.018625217740854745,-0.2,-1.0,5
2025-04-03,AAPL,205.54,207.49,201.25,203.19,103419006.0,-0.09245611684309252,-0.09701335791648358,-0.06284758108174615,21013707829.14,54883179.65,11968974847.367,0.0274496280716219,0.030710172744721584,-0.25,-1.0,4
2025-04-04,AAPL,193.89,199.88,187.34,188.38,125910913.0,-0.07288744524828983,-0.07568030250025082,0.051863255122624574,23719097790.94,58865047.05,12601798677.686499,0.030974068443093878,0.06656757617581445,-0.4,-2.0,5
2025-04-07,AAPL,177.2,194.15,174.62,181.46,160466286.0,-0.03673426053721196,-0.0374259556531884,0.11605863551195861,29118212257.56,63284801.5,13237971495.8865,0.03089765162941634,0.10762702523972166,-0.25,-1.0,4
2025-04-08,AAPL,186.7,190.335,169.2101,172.42,120859491.0,-0.049818141739226385,-0.051101882959704525,0.17236979468739122,20838593438.219997,65520905.55,13439191886.5775,0.030976714001900628,0.12252000927966522,0.2,1.0,5
2025-04-09,AAPL,171.95,200.61,171.89,198.85,184395885.0,0.15328848161466202,0.14261741087192092,-0.02303243650993203,36667121732.25,71613326.45,14593970503.707,0.04736160548230933,0.14443047523258679,-0.25,-2.0,8
2025-04-10,AAPL,189.065,194.7799,183.0,190.42,121879981.0,-0.042393764143827006,-0.043318612796154454,0.034450162798025374,23208385982.019997,74638909.0,15111004231.088001,0.04802496231678875,0.06186272450372827,-0.3333333333333333,-1.0,3
2025-04-11,AAPL,186.1,199.54,186.06,198.15,87435915.0,0.040594475370234306,0.03979216077889891,-0.02518294221549333,17325426557.25,76005325.65,15335657174.891499,0.04855082146584596,0.06802927075447854,0.3333333333333333,2.0,6
2025-04-14,AAPL,211.44,212.94,201.1621,202.52,101352911.0,0.022053999495331933,0.021814327465264682,-0.013727039304760047,20525991535.72,78669299.9,15847571093.477499,0.04863720173572641,0.0581567252617022,0.3333333333333333,2.0,6
2025-04-15,AAPL,201.855,203.51,199.8,202.14,51343872.0,-0.001876357890578828,-0.0018781204551920894,0.012169783318492167,10378650286.08,79114872.2,15915255973.484497,0.04862943680859582,0.018353616305530628,-0.2,-1.0,5
2025-04-16,AAPL,198.36,200.7,192.37,194.27,59732423.0,-0.03893341248639548,-0.03971158259582719,0.07257939980439598,11604217816.210001,79382223.8,15910171286.353,0.04930388475409809,0.04287846811139106,0.0,0.0,3
2025-04-17,AAPL,197.2,198.8335,194.42,196.98,52164675.0,0.013949657692901463,0.0138532566908669,0.06244288760280248,10275397681.5,79547310.2,15900863322.793,0.04933588469133244,0.022405828002842812,0.3333333333333333,1.0,3
2025-04-21,AAPL,193.265,193.8,189.8112,193.16,46742537.0,-0.019392831759569518,-0.019583339736215066,0.08790639884033946,9028788446.92,77178048.65,15325039349.071,0.04946320760679719,0.020650238144543264,0.5,1.0,2
2025-04-22,AAPL,196.12,201.59,195.97,199.74,52976371.0,0.03406502381445442,0.03349765980964747,0.057424652047662006,10581500343.54,77611893.05,15365203122.1185,0.04990627209738634,0.02813657755081594,-0.5,-2.0,4
2025-04-23,AAPL,206.0,208.0,202.799,204.6,52929165.0,0.024331631120456443,0.024040332702537803,0.03861192570869987,10829307159.0,78533672.15,15520771520.256,0.05017448659463476,0.02542033235581607,0.25,1.0,4
2025-04-24,AAPL,204.89,208.8299,202.94,208.37,47310989.0,0.01842619745845564,0.0182584920645823,0.02375581897586021,9858190777.93,79172588.8,15631180094.9685,0.05026131301853617,0.02826654508806442,0.2,1.0,5
2025-04-25,AAPL,206.365,209.75,206.2,209.28,38222258.0,0.004367231367279345,0.004357722686725296,-0.018778669724770714,7999154154.24,79228963.0,15615954544.685501,0.05024846673199508,0.01696292048929661,0.5,3.0,6
2025-04-28,AAPL,210.0,211.5,207.46,210.14,38743074.0,0.004109327217125314,0.004100906991794773,-0.05353573807937562,8141469570.36,79175185.85,15589204190.988499,0.05019160049112428,0.019225278385837884,-0.5,-1.0,2
2025-04-29,AAPL,208.693,212.24,208.37,211.21,36827633.0,0.005091843532882834,0.005078923935421642,-0.060129728706027286,7778364365.93,77751601.45,15252875500.5985,0.04988582529658159,0.01832299607026176,0.0,0.0,4
2025-04-30,AAPL,209.3,213.58,206.6705,212.5,52286454.0,0.006107665356754,0.006089089168421324,-0.07647058823529407,11110871475.0,78545287.15,15402071102.3185,0.04970674109666402,0.03251529411764695,0.0,0.0,6
2025-05-01,AAPL,209.08,214.56,208.9,213.32,57365675.0,0.0038588235294116924,0.003851397367929721,-0.0742077629851865,12237245791.0,79618275.7,15611984749.5405,0.04970187351437138,0.026532908306769035,0.2,1.0,5
2025-05-02,AAPL,206.09,206.99,202.16,205.35,101010621.0,-0.03736171010688172,-0.038077545329834095,-0.03321158996834672,20742531022.35,79497856.45,15598425909.201,0.050315037053464545,0.023520818115412657,-0.2857142857142857,-2.0,7
2025-05-05,AAPL,203.1,204.1,198.21,198.89,69018452.0,-0.0314584855125396,-0.03196393232741279,0.05983206797727392,13727079918.279999,76653233.4,15098825015.567999,0.046504996586515246,0.029614359696314332,0.0,0.0,3
2025-05-06,AAPL,198.21,200.65,197.02,198.51,51216482.0,-0.0019106038513750923,-0.0019124313830767292,0.0726411767669135,10166983841.82,71190743.2,14151263594.781,0.04342212058420913,0.018286232431615423,-0.2857142857142857,-2.0,7
2025-05-07,AAPL,199.17,199.44,193.25,196.25,68616943.0,-0.011384816885799176,-0.011450120029560473,0.08193630573248423,13466075063.75,68578615.8,13782637676.0575,0.04259656240401265,0.03154140127388518,0.0,0.0,4
2025-05-08,AAPL,197.72,200.05,194.6796,197.49,50478872.0,0.006318471337579679,0.006298593485377424,0.07068712339865302,9969072431.28,61882765.15,12447735211.008999,0.04073428184906233,0.02719327560889154,-0.4285714285714285,-3.0,7
2025-05-09,AAPL,199.0,200.5399,197.535,198.53,36453923.0,0.005266089422249154,0.005252272061092356,0.06412129149246959,7237197333.19,57611462.25,11649175778.567501,0.023252249202764783,0.015135747745932489,-0.25,-2.0,8
2025-05-12,AAPL,210.97,211.2679,206.75,210.79,63775814.0,0.06175389109958185,0.05992215500281617,-0.00953555671521411,13443303833.06,56428457.2,11455069642.358,0.024774148599658093,0.02143317994212238,0.625,5.0,8
2025-05-13,AAPL,210.43,213.4,209.0,212.93,51909332.0,0.010152284263959421,0.010101095986503772,-0.02850702108674208,11053054062.76,53956278.25,10981422768.710001,0.023451275849715427,0.020664068003569177,1.0,1.0,1
2025-05-14,AAPL,212.43,213.94,210.5801,212.33,49325825.0,-0.002817827455032118,-0.002821805004604272,-0.04822681674751572,10473352422.25,53855375.9,10986157875.5185,0.023103039451817433,0.01582395328027125,0.6666666666666666,4.0,6
2025-05-15,AAPL,210.95,212.96,209.54,211.45,45029473.0,-0.004144492064239724,-0.0041531042752049885,-0.047718136675336864,9521482065.85,53120228.4,10882021088.0005,0.023129845919776574,0.016174036415228188,0.6666666666666666,4.0,6
2025-05-16,AAPL,212.36,212.57,209.77,211.26,54737850.0,-0.000898557578623782,-0.0008989615234815673,-0.0756887247940925,11563918191.0,53248887.15,10946447113.4755,0.021134520014932344,0.013253810470510129,0.3333333333333333,1.0,3
2025-05-19,AAPL,207.91,209.48,204.26,208.78,46140527.0,-0.011739089273880454,-0.011808536414863902,-0.04104799310278762,9633219227.06,53218786.65,10976668652.4825,0.021285550144071144,0.02500239486540844,0.6666666666666666,2.0,3
2025-05-20,AAPL,207.67,208.47,205.03,206.86,42496635.0,-0.009196283168885877,-0.00923883003049486,-0.031132166682780738,8790853916.1,52694799.85,10887136331.1105,0.020861573283152673,0.01662960456347279,0.0,0.0,4
2025-05-21,AAPL,205.17,207.04,200.71,202.09,59211774.0,-0.0230590737696994,-0.023329093219500052,-0.010589341382552409,11966107407.66,53008930.3,10943976343.543499,0.02039217347695585,0.03132267801474567,0.0,0.0,4
2025-05-22,AAPL,200.71,202.75,199.7,201.36,46742407.0,-0.003612251966945368,-0.003618791903097218,-0.002532777115613949,9412051073.52,52980501.2,10921669358.323,0.01967578872032614,0.015147000397298351,1.0,1.0,1
2025-05-23,AAPL,193.665,197.7,193.46,195.27,78432918.0,-0.030244338498212175,-0.030711134574654686,0.03292876529932909,15315595897.86,54991034.2,11287491445.504,0.020185260831220648,0.02171352486300998,-0.5,-2.0,4
2025-05-27,AAPL,198.3,200.74,197.43,200.21,56288475.0,0.025298304911148595,0.024983599431202208,0.015283951850556976,11269515579.75,55868304.25,11443893745.9735,0.0210596402168302,0.01653264072723633,-0.2,-1.0,5
2025-05-28,AAPL,200.59,202.73,199.9,200.42,45339678.0,0.0010488986564105574,0.0010483489465746842,0.011974852809100822,9086978264.76,56293906.5,11509324440.914999,0.021026549173165647,0.014120347270731316,0.5,1.0,2
2025-05-29,AAPL,203.575,203.81,198.51,199.95,51477938.0,-0.002345075341782299,-0.002347829337355556,0.003400850212553097,10293013703.099998,56253480.7,11468431552.32,0.0209628802200466,0.026506626656664093,0.25,1.0,4
2025-05-30,AAPL,199.37,201.96,196.78,200.85,70819942.0,0.004501125281320295,0.004491025512463942,0.015285038586009492,14224185350.699999,56926194.05,11567778530.304998,0.020933196206505366,0.025790390838934436,0.4,2.0,5
2025-06-02,AAPL,200.28,202.13,200.12,201.7,35423294.0,0.004232013940751678,0.0042230841548756,-0.0012394645513138514,7144878399.799999,53646827.7,10887895899.177502,0.02093899966794621,0.00996529499256312,-1.0,-1.0,1
2025-06-03,AAPL,201.35,203.77,200.955,203.27,46381567.0,0.007783837382250969,0.007753699610703713,-0.0029517390662666676,9427981124.09,52514983.45,10672940959.468,0.019440082576566313,0.013848575785900447,0.3333333333333333,1.0,3
2025-06-04,AAPL,202.91,206.24,202.1,202.82,43603985.0,-0.002213804299699973,-0.002216258387019998,-0.019919140124248114,8843760237.699999,52134358.6,10606779779.262,0.018098143298553502,0.020412188147125504,0.3333333333333333,2.0,6
2025-06-05,AAPL,203.5,204.75,200.15,200.63,55221235.0,-0.010797751701015712,-0.0108564704917411,-0.0071275482230972464,11079036378.05,51464573.2,10487427844.977001,0.018274742237890683,0.02292777750087211,1.0,4.0,4
2025-06-06,AAPL,203.0,205.7,202.05,203.92,46607693.0,0.016398345212580434,0.01626534437575078,-0.03663201255394277,9504240756.56,51271014.25,10464186261.241001,0.018364469339235776,0.01789917614750863,0.0,0.0,2
2025-06-09,AAPL,204.39,206.0,200.02,201.45,72862557.0,-0.012112593173793651,-0.012186548430503485,-0.015040953090096787,14678162107.65,53091445.95,10836234499.964,0.018586098240741842,0.02968478530652748,-0.1666666666666666,-1.0,6
2025-06-10,AAPL,200.6,204.35,200.57,202.67,54672608.0,0.006056093323405287,0.0060378288938656155,-0.03468692949129126,11080497463.359999,52636285.65,10718094181.479,0.018595733699391076,0.018651009029456666,0.0,0.0,3
2025-06-11,AAPL,203.5,204.5,198.41,198.78,60989857.0,-0.01919376326047262,-0.01938035499136248,-0.01106751182211485,12123563774.460001,53090311.9,10771619667.064,0.012931006517927343,0.030636884998490658,-0.5,-2.0,4
2025-06-12,AAPL,199.08,199.68,197.3601,199.2,43904635.0,0.0021128886205854513,0.002110659610638166,0.009036144578313365,8745803292.0,52819252.4,10685242210.5515,0.012647069573302451,0.011646084337349432,0.25,1.0,4
2025-06-13,AAPL,199.73,200.37,195.7,196.45,51447349.0,-0.013805220883534086,-0.013901399146028837,0.02570628658691776,10106831711.05,53140146.2,10714509692.811499,0.0128606078363018,0.023771952150674434,0.5,2.0,4
2025-06-16,AAPL,197.3,198.685,196.5636,198.42,43020691.0,0.01002799694578771,0.009978050217287482,0.009474851325471434,8536165508.219999,52554288.25,10563122058.672499,0.01319888680209624,0.010691462554177925,1.0,2.0,2
2025-06-17,AAPL,197.2,198.39,195.21,195.64,38856152.0,-0.014010684406813856,-0.01410976055059976,0.030259660601104077,7601817577.28,52190069.5,10461551976.183498,0.013405959365281248,0.01625434471478206,-0.3333333333333333,-1.0,3
2025-06-18,AAPL,195.94,197.57,195.07,196.58,45394689.0,0.004804743406256584,0.004793237467326961,0.02248448468816755,8923687963.62,52334972.2,10468193678.5595,0.01338769414529248,0.012717468715026896,0.6,3.0,5
2025-06-20,AAPL,198.235,201.7,196.855,201.0,96813542.0,0.02248448468816755,0.022235434920592212,0.0003980099502487455,19459521942.0,54215060.6,10842864405.2765,0.014376678313690772,0.024104477611940175,0.3333333333333333,1.0,3
2025-06-23,AAPL,201.625,202.3,198.96,201.5,55814272.0,0.0024875621890547706,0.0024844733276623288,0.018213399503721917,11246575808.0,54668653.85,10934590642.0005,0.013494437109937769,0.01657568238213393,-1.0,-2.0,2
2025-06-24,AAPL,202.59,203.44,200.2,200.3,54064033.0,-0.005955334987593042,-0.005973138714965742,0.03754368447328993,10829025809.900002,53450209.6,10710262137.602499,0.013534968772739773,0.016175736395406853,0.0,0.0,0
2025-06-25,AAPL,201.45,203.67,200.6201,201.56,39525730.0,0.006290564153769385,0.00627086114062525,0.05397896408017466,7966806138.8,52612072.35,10545126665.555,0.011698663070507037,0.015131474498908337,-0.3333333333333333,-2.0,6
2025-06-26,AAPL,201.43,202.64,199.46,201.0,50799121.0,-0.0027783290335383626,-0.0027821957533218367,0.062437810945273675,10210623321.0,52885044.5,10601308918.367,0.010382292146002595,0.015820895522387874,0.125,1.0,8
2025-06-27,AAPL,201.89,203.22,200.0,201.08,73188571.0,0.0003980099502487455,0.00039793076529903715,0.044111796299979966,14716757856.68,53970576.15,10822496126.046,0.010380724425966565,0.016013526954445904,0.5,5.0,10
2025-06-30,AAPL,202.01,207.39,199.2607,205.17,91912816.0,0.02034016311915643,0.020136064953739208,0.023590193498074896,18857752458.719997,55025219.85,11054174481.447,0.01124605513520256,0.03962226446361521,0.8333333333333334,5.0,6
2025-07-01,AAPL,206.665,210.1865,206.1401,207.82,78788867.0,0.012916118340888127,0.012833416646386375,0.01597536329515914,16373902339.939999,57193498.5,11515625678.453999,0.011513014806036873,0.01947069579443743,0.1818181818181818,2.0,11
2025-07-02,AAPL,208.91,213.34,208.14,212.44,67941811.0,0.022230776633625382,0.021987275129697892,-0.00014121634343811085,14433558328.84,58271510.7,11765904538.6915,0.012351250321538354,0.024477499529278822,0.0,0.0,6
2025-07-03,AAPL,212.145,214.65,211.8101,213.55,34955836.0,0.005225004707211545,0.0052114017332769436,-0.011191758370405092,7464818777.8,57839103.25,11696957465.696499,0.012309544186824993,0.013298524935612207,0.3333333333333333,2.0,6
2025-07-07,AAPL,212.68,216.23,208.8,209.95,50228984.0,-0.016857878716928232,-0.017001590157272872,-0.0063348416289592535,10545575190.8,57589490.7,11670284406.334,0.012981850980039808,0.035389378423433884,0.2,1.0,5
2025-07-08,AAPL,210.1,211.43,208.45,210.01,42848928.0,0.0002857823291260164,0.0002857415011341402,-0.004285510213799193,8998703369.279999,57401552.45,11645007536.97,0.012668727598210517,0.014189800485691177,0.0909090909090909,1.0,11
2025-07-09,AAPL,209.53,211.33,207.22,211.14,48749367.0,0.005380696157325726,0.005366271930212108,-0.004641470114615798,10292941348.38,56195892.95,11425746499.0065,0.012275743878770238,0.019465757317419695,0.6,3.0,5
2025-07-10,AAPL,210.505,213.48,210.03,212.41,44443635.0,0.006014966373022679,0.005996948677244873,-0.01125182430205729,9440272510.35,55684444.3,11343735251.355999,0.011884818736165691,0.01624217315568934,0.4615384615384615,6.0,13
2025-07-11,AAPL,210.565,212.13,209.86,211.16,39765812.0,-0.005884845346264322,-0.005902229283377913,9.471490812651417e-05,8396948861.92,54623242.05,11157404505.729,0.011995981053127122,0.010750142072362053,0.5714285714285714,4.0,7
2025-07-14,AAPL,209.925,210.91,207.54,208.62,38840111.0,-0.012028793332070409,-0.0121017247075903,0.01850254050426603,8102823956.820001,54370015.85,11125255538.97,0.011451872166198187,0.016153772409164935,0.0,0.0,7
2025-07-15,AAPL,209.22,211.89,208.92,209.11,42296339.0,0.0023487680951010947,0.002346014050883305,0.025297690210893675,8844587448.29,53912465.35,11062143325.832,0.011451727531143041,0.014203051025775834,0.3333333333333333,2.0,6
2025-07-16,AAPL,210.295,212.4,208.64,210.16,47490532.0,0.005021280665678196,0.005008716078576114,0.01898553483060539,9980610205.119999,54135957.4,11134365560.677,0.010842268324949078,0.017891130567186914,0.4285714285714285,3.0,7
2025-07-17,AAPL,210.57,211.8,209.59,210.02,48068141.0,-0.0006661591168632963,-0.0006663810994371744,0.017807827825921274,10095270972.82,54596556.85,11259038230.453999,0.010759983478371192,0.01052280735168078,0.5,4.0,8
2025-07-18,AAPL,210.87,211.79,209.7045,211.18,48974591.0,0.00552328349680975,0.005508086100521226,0.012785301638412738,10342454127.380001,54775551.95,11329976538.642,0.010058809146970773,0.00987546169144799,-0.2,-1.0,5
2025-07-21,AAPL,212.1,215.78,211.63,212.48,51377434.0,0.006155885974050479,0.006137015909700061,0.007388930722891596,10916677176.32,52503746.55,10902834300.358,0.010070581276243279,0.019531249999999938,0.0,0.0,4
2025-07-22,AAPL,213.14,214.95,212.2301,214.4,46404072.0,0.009036144578313365,0.008995562908578059,-0.014598880597014863,9949033036.800001,52033236.55,10837957161.798,0.00921117632778062,0.012686100746268577,0.6,3.0,5
2025-07-23,AAPL,215.0,215.15,212.41,214.15,46989301.0,-0.0011660447761193682,-0.0011667251352669439,-0.023815082885827676,10062758809.15,51679499.95,10799643811.760502,0.009258070228304592,0.01279477002101329,-0.1428571428571428,-1.0,7
2025-07-24,AAPL,213.9,215.69,213.53,213.76,46022620.0,-0.0018211533971516092,-0.001822813713099336,-0.02895770958083832,9837795251.199999,52004344.45,10893193267.380499,0.009102004026785885,0.010104790419161614,0.375,3.0,8
2025-07-25,AAPL,214.7,215.24,213.4,213.88,40268781.0,0.0005613772455090871,0.0005612197322504286,-0.053768468299981276,8612686880.28,51477827.45,10813296445.3445,0.009088737497186158,0.008602954927996984,0.0,0.0,10
2025-07-28,AAPL,214.03,214.845,213.06,214.05,37858017.0,0.000794838227043293,0.0007945225104242226,-0.049988320485867876,8103508538.85,49711299.75,10482633979.453,0.009010853389721005,0.008339173090399384,0.0,0.0,4
2025-07-29,AAPL,214.175,214.81,210.82,211.27,51411723.0,-0.012987619715019827,-0.01307269627881169,-0.03952288540729887,10861754718.210001,47686245.1,10082834092.4275,0.009657228897276745,0.018885785961092395,0.4,2.0,5
2025-07-30,AAPL,211.895,212.39,207.72,209.05,45512514.0,-0.010507880910682998,-0.01056347850956918,0.02009088734752451,9514391051.7,46022427.45,9739858528.0155,0.009123478875522336,0.022339153312604474,0.25,1.0,4
2025-07-31,AAPL,208.49,209.84,207.16,207.57,80698431.0,-0.0070796460176991705,-0.00710482562374537,0.0600279423808836,16750573322.67,46660258.45,9855709277.707,0.008849548052613556,0.01291130702895406,0.2857142857142857,2.0,7
2025-08-01,AAPL,210.865,213.58,201.5,202.38,104434473.0,-0.02500361323890732,-0.025321513877215374,0.13326415653720725,21135448645.739998,50134190.3,10539240771.104,0.008913826743756749,0.05968969265737698,-0.25,-3.0,12
2025-08-04,AAPL,204.505,207.88,201.675,203.35,75109298.0,0.004792963731593991,0.004781514051620306,0.1171871158101796,15273475748.3,51378206.0,10775635798.979,0.008896145820412246,0.030513892303909287,0.5,2.0,4
2025-08-05,AAPL,203.4,205.34,202.16,202.92,44155079.0,-0.002114580772067942,-0.0021168196547449725,0.13172678888231815,8959948630.68,51443513.55,10773698062.049,0.008247065785575323,0.0156712004730928,0.6,6.0,10
2025-08-06,AAPL,205.63,215.38,205.59,213.25,108483103.0,0.050906761285235635,0.04965337367329958,0.09416178194607272,23134021714.75,54430200.35,11415752080.367498,0.01412520824850997,0.045908558030480405,0.2222222222222222,2.0,9
2025-08-07,AAPL,218.875,220.85,216.58,220.03,90224834.0,0.03179366940211015,0.03129871432026121,0.05794664363950375,19852170225.02,56719260.3,11936346966.101002,0.01564550216229301,0.019406444575739503,0.2857142857142857,2.0,7
2025-08-08,AAPL,220.83,231.0,219.25,229.35,113853967.0,0.04235786029177846,0.04148532035113117,0.009766732068890338,26112407331.45,60423668.05,12822119889.5775,0.01794370094264761,0.05123174187922367,0.5,2.0,4
2025-08-11,AAPL,227.92,229.56,224.76,227.18,61806132.0,-0.009461521691737418,-0.009506566239905645,0.016330662910467364,14041117067.76,61571969.1,13119034545.1245,0.01805695132504348,0.021128620477154636,0.5,5.0,10
2025-08-12,AAPL,228.005,230.8,227.07,229.65,55672301.0,0.01087243595386922,0.010813755968527516,0.00396255170912263,12785143924.65,62240767.2,13316062368.942501,0.01775226433165979,0.01624210755497497,0.3333333333333333,3.0,9
2025-08-13,AAPL,231.07,235.0,230.43,233.33,69878546.0,0.016024384933594593,0.015897349787164394,-0.03137187674109643,16304761138.18,63360167.9,13632269915.595499,0.017910624752407033,0.01958599408562968,0.6,3.0,5
2025-08-14,AAPL,234.055,235.12,230.85,232.78,51916275.0,-0.0023571765310933523,-0.0023599590451368613,-0.03385170547297878,12085070494.5,63552574.6,13731759891.6795,0.017990260353846738,0.018343500300713085,0.0,0.0,2
2025-08-15,AAPL,234.0,234.28,229.335,231.59,56038657.0,-0.005112123034624938,-0.005125234640100729,-0.01653784705729955,12977992574.630001,63905777.9,13863536814.042002,0.018086562369880505,0.02135238999956808,-0.2,-1.0,5
2025-08-18,AAPL,231.7,233.12,230.11,230.89,37476188.0,-0.0030225830130835574,-0.0030271602428175726,-0.016154878946684548,8652877047.32,63210715.6,13750346807.592001,0.01816590074034155,0.01303651089263276,0.8571428571428571,6.0,7
2025-08-19,AAPL,231.275,232.87,229.35,230.56,39402564.0,-0.0014292520247736196,-0.0014302743797003359,-0.005421582234559352,9084655155.84,62860640.2,13707127913.544,0.018204870020161974,0.015267175572519063,0.625,5.0,8
2025-08-20,AAPL,229.98,230.47,225.77,226.01,42263865.0,-0.019734559333795976,-0.01993188617021957,0.019822131764081208,9552056128.65,62624368.4,13681592779.519,0.0188810053838398,0.02079554002035294,0.4285714285714285,3.0,7
2025-08-21,AAPL,226.27,226.52,223.7804,224.9,30621249.0,-0.0049112871111897105,-0.004923387115722377,0.034059582036460645,6886718900.1,61854299.85,13534038961.964,0.018936768977633807,0.012181413961760836,-0.2857142857142857,-2.0,7
2025-08-22,AAPL,226.17,229.09,225.41,227.76,42477811.0,0.012716763005780285,0.012636584004511953,0.019230769230769162,9674746233.359999,61964751.35,13587141929.618,0.019036261536988078,0.016157358623112007,0.3333333333333333,1.0,3
2025-08-25,AAPL,226.48,229.3,226.23,227.16,30983133.0,-0.0026343519494204104,-0.002637827960549899,0.011269589716499384,7038128492.28,61621007.15,13533872927.289501,0.019071110880904043,0.013514703292833281,0.1428571428571428,1.0,7
2025-08-26,AAPL,226.87,229.49,224.69,229.31,54575107.0,0.009464694488466208,0.009420184893665251,0.0399459247307139,12514617786.17,61779176.35,13616516080.6875,0.019113803367035512,0.020932362304304175,0.5,1.0,2
2025-08-27,AAPL,228.61,230.9,228.26,230.49,31259513.0,0.005145872399808127,0.005132677644756001,0.04030543624452254,7205005151.37,61066526.3,13501046785.671,0.01873974246960684,0.011453859169595225,0.3333333333333333,2.0,6
2025-08-28,AAPL,230.82,233.41,229.335,232.56,38074700.0,0.008980866848887104,0.008940778702967833,0.030658754729962157,8854652232.0,58935339.75,13106250731.137499,0.018449057939186057,0.017522359821121308,0.5714285714285714,4.0,7
2025-08-29,AAPL,232.51,233.38,231.37,232.14,39418437.0,-0.001805985552115641,-0.0018076183101438659,0.024726458171792975,9150595965.18,55684537.95,12507008097.1095,0.018308228361847048,0.00865856810545353,-0.4444444444444444,-4.0,9
2025-09-02,AAPL,229.25,230.85,226.97,229.72,44075638.0,-0.010424743689153027,-0.01047946194438154,0.02015497126937138,10125055561.36,54132854.95,12249587087.7625,0.017344845274119242,0.016890127111265796,0.8333333333333334,5.0,6
2025-09-03,AAPL,237.21,238.85,234.36,238.47,66427835.0,0.038089848511231095,0.037382340257035906,-0.048978907200067145,15841045812.45,55246492.75,12593641946.851002,0.018680930253744954,0.018828364154820153,0.1111111111111111,1.0,9
2025-09-04,AAPL,238.45,239.8999,236.74,239.78,47549429.0,0.005493353461651473,0.00547832002637616,-0.04066227375093834,11401402085.62,52199809.05,12007010965.3945,0.018552814166393407,0.013178330135957879,0.4545454545454545,5.0,11
2025-09-05,AAPL,239.995,241.32,238.4901,239.69,54870397.0,-0.00037534406539330156,-0.0003754145246084306,-0.02344695231340488,13151885456.93,50432087.2,11671996726.99,0.015815317668229925,0.011806500062580704,0.0,0.0,10
2025-09-08,AAPL,239.3,240.15,236.34,237.88,48999495.0,-0.007551420584922197,-0.007580076916505973,-0.004960484277787169,11655999870.6,47189363.6,10949176353.9475,0.014871752891868914,0.016016478896922762,-0.125,-1.0,8
2025-09-09,AAPL,237.0,238.7805,233.36,234.35,66313918.0,-0.014839414831007258,-0.0149506204696781,0.016215062940047043,15540666683.3,47414752.9,11024153834.724499,0.01251234722776062,0.02312993385961149,0.7,7.0,10
2025-09-10,AAPL,232.185,232.42,225.95,226.79,83440810.0,-0.03225944100704081,-0.032791245197944185,0.05379425900612911,18923541299.899998,48803178.35,11331073703.487,0.014331425686063411,0.028528594735217475,0.1666666666666666,1.0,6
2025-09-11,AAPL,226.875,230.45,226.65,230.03,50208578.0,0.014286344195070466,0.014185256029156434,0.03412598356736085,11549479197.34,47819679.95,11093309606.445002,0.01447933450292824,0.01651958440203437,0.6666666666666666,4.0,6
2025-09-12,AAPL,229.22,234.51,229.02,234.07,55824216.0,0.017562926574794524,0.017410480721885335,0.04883154611868257,13066774239.119999,48015077.0,11142394793.676,0.01456714907861261,0.023454522151492962,0.2727272727272727,3.0,11
2025-09-15,AAPL,237.0,238.19,235.03,236.7,42699524.0,0.011235955056179803,0.01117330059812538,0.08187579214195173,10106977330.8,47348120.35,10998844031.4845,0.014746336927200681,0.013350232361639135,0.25,1.0,4
2025-09-16,AAPL,237.175,241.22,236.3235,238.15,63421099.0,0.006125897760878907,0.0061072107269311005,0.06836027713625858,15103734726.85,48645365.9,11321386915.461,0.014721183787300399,0.020560571068654138,0.3333333333333333,3.0,9
2025-09-17,AAPL,238.97,240.1,237.7301,238.99,46508017.0,0.0035271887465881946,0.0035209828050986047,0.05573454956274326,11114950982.83,49000638.55,11422901706.8105,0.014691396169794467,0.009916314490145994,0.0,0.0,13
2025-09-18,AAPL,239.97,241.2,236.65,237.88,44249576.0,-0.004644545796895327,-0.004655365213574569,0.07983016647048946,10526089138.88,49099924.1,11471603357.322,0.014742805614354404,0.01912729107112815,0.3888888888888889,7.0,18
2025-09-19,AAPL,241.225,246.3,240.2106,245.5,163741314.0,0.03203295779384563,0.031530602396181884,0.04057026476578418,40198492587.0,55755927.35,13137192041.667,0.015315255572261913,0.024804073319755548,-1.0,-1.0,1
2025-09-22,AAPL,248.3,256.64,248.12,256.08,105517416.0,0.04309572301425657,0.04219294842703292,-0.006443298969072031,27020899889.28,58907907.6,14004499724.463001,0.01735640943246555,0.033270852858481526,0.1111111111111111,1.0,9
2025-09-23,AAPL,255.875,257.34,253.58,254.43,60275187.0,-0.006443298969072031,-0.00646414661988981,0.0007860708249813886,15335815828.41,60372510.3,14419384091.2695,0.01750759689520796,0.014778131509648814,1.0,1.0,1
2025-09-24,AAPL,255.22,255.74,251.04,252.31,42303710.0,-0.008332350744802097,-0.008367258825429325,0.01244500812492566,10673649070.1,59758940.45,14327335655.466,0.01768213703515027,0.018627878403551183,0.0,0.0,4
2025-09-25,AAPL,253.205,257.17,251.712,256.87,55202075.0,0.01807300542982837,0.017911630124575417,0.0010121851520223935,14179757005.25,60956068.55,14676073248.16,0.01788552743748023,0.021248102152839978,0.6,3.0,5
2025-09-26,AAPL,254.095,257.6,253.78,255.46,46076258.0,-0.00548915793981386,-0.00550427872623338,0.010021138338683011,11770640868.68,61356146.45,14821872679.994,0.01804797005770102,0.014953417364753804,0.75,3.0,4
2025-09-29,AAPL,254.56,255.0,253.01,254.43,40127687.0,-0.0040319423784546116,-0.004040092572912712,0.008882600322289047,10209687403.41,61391608.95,14874827251.905502,0.018129959067098387,0.007821404708564246,0.25,2.0,8
2025-09-30,AAPL,254.855,255.919,253.11,254.63,37704259.0,0.0007860708249813886,0.0007857620331215287,0.007265443977536146,9600635469.17,61073040.0,14848606247.296,0.018094068250809447,0.011031693044810064,0.3333333333333333,3.0,9
2025-10-01,AAPL,255.04,258.79,254.93,255.45,48713940.0,0.0032203589522050713,0.003215184701967466,0.010217263652378294,12443975973.0,60187345.25,14678752755.323502,0.017770885256749608,0.015110589156390679,0.0,0.0,4
2025-10-02,AAPL,256.575,258.18,254.15,257.13,42630239.0,0.0065766294773927925,0.0065550978020940676,-0.012017267530043174,10961513354.07,59941385.75,14656758318.746002,0.016109064471638415,0.01567300587251579,0.6666666666666666,2.0,3
2025-10-03,AAPL,254.665,259.24,253.95,258.02,49155614.0,0.0034612841753198786,0.0034553077180889957,-0.049414774048523236,12683131524.279999,59655646.6,14633320622.113499,0.016103960748740674,0.020502286644446168,-0.4,-2.0,5
2025-10-06,AAPL,257.99,259.07,255.05,256.69,44664118.0,-0.005154639175257714,-0.005167970158442614,-0.03517862012544315,11464832449.42,59438877.75,14623762251.054499,0.01619674918689294,0.015660913942888176,0.7777777777777778,7.0,9
2025-10-07,AAPL,256.805,257.4,255.43,256.48,31955776.0,-0.000818107444777616,-0.000818442277304321,-0.03395976294447911,8196017428.4800005,57720970.65,14256529788.313501,0.01603511361804191,0.007680910792264357,0.0,0.0,7
2025-10-08,AAPL,256.52,258.52,256.11,258.06,36496895.0,0.006160324391765393,0.006141427162456914,-0.03379059133534834,9418388723.7,55373774.9,13781272159.5035,0.015464957661712396,0.009338913430984882,0.1428571428571428,1.0,7
2025-10-09,AAPL,257.805,258.0,253.14,254.04,38322012.0,-0.01557777261102078,-0.015700381088926463,-0.02594079672492522,9735323928.48,54779446.6,13690564396.0605,0.0138108723825003,0.01913084553613602,0.3333333333333333,3.0,9
2025-10-10,AAPL,254.94,256.38,244.0,245.27,61999098.0,-0.03452212250039355,-0.03513209037492793,0.028621519142169705,15206518766.460001,55088190.7,13797551622.4275,0.016165771902857905,0.050474986749296465,0.2857142857142857,2.0,7
2025-10-13,AAPL,249.38,249.69,245.56,247.66,38142942.0,0.009744363354670327,0.009697193227106382,0.05887103286764117,9446481015.72,54860361.6,13764526806.673502,0.015905978289669827,0.016676088185415404,0.2727272727272727,3.0,11
2025-10-14,AAPL,246.6,248.845,244.7,247.77,35477986.0,0.0004441573124445153,0.0004440587037830568,0.0605400169512047,8790380591.220001,53463205.95,13448859099.892,0.01579410302744302,0.016729224684182885,0.375,3.0,8
2025-10-15,AAPL,249.485,251.82,247.47,249.34,33893611.0,0.006336521774226167,0.006316530426094147,0.03653645624448543,8451032966.74,52832485.65,13315663199.0875,0.015796722815406172,0.017446057592042902,0.0,0.0,5
2025-10-16,AAPL,248.25,249.04,245.13,247.45,39776974.0,-0.007580011229646355,-0.0076088855189340165,0.04902000404122053,9842812216.3,52608855.55,13281499352.9585,0.015939127829872512,0.01580117195393001,0.2222222222222222,2.0,9
2025-10-17,AAPL,248.02,253.38,247.27,252.29,49146961.0,0.0195595069711052,0.019370678108878714,0.04173768282531998,12399286790.69,46879137.9,11891539063.143002,0.016321999154214832,0.024218161639383097,1.0,3.0,3
2025-10-20,AAPL,255.885,264.375,255.63,262.24,90483029.0,0.03943874113123802,0.03868089548874565,0.0250533862111042,23728269524.96,46127418.55,11726907544.927,0.017046171632497477,0.0333473154362415,0.3636363636363636,4.0,11
2025-10-21,AAPL,261.88,265.29,261.83,262.77,46695948.0,0.0020210494203782847,0.002019009847587405,0.02370894698786019,12270294255.96,45448456.6,11573631466.3045,0.014400792065909954,0.013167408760513085,0.2727272727272727,3.0,11
2025-10-22,AAPL,262.65,262.85,255.43,258.45,45015254.0,-0.016440232903299434,-0.016576873201058717,0.04352872896111437,11634192396.3,45584033.8,11621658632.6145,0.014829362120075426,0.028709615012574914,0.2,1.0,5
2025-10-23,AAPL,259.94,260.62,258.0101,259.58,32754941.0,0.0043722189978718795,0.004362688617564281,0.045535095153709904,8502527584.78,44461677.1,11337797161.591,0.0146945108928148,0.010054318514523352,0.1,1.0,10
2025-10-24,AAPL,261.19,264.13,259.18,262.82,38253717.0,0.012481701209646312,0.0124044469558795,0.02872688532075185,10053841901.94,44070550.05,11251957213.254002,0.014426586198991998,0.018834183091088842,0.1111111111111111,1.0,9
2025-10-27,AAPL,264.88,269.12,264.6501,268.81,44888152.0,0.02279126398295417,0.022535423122463705,0.0008928239276813077,12066384139.12,44308573.3,11344792050.039501,0.015077216623757371,0.016628473643093555,0.2941176470588235,5.0,17
2025-10-28,AAPL,268.985,269.89,268.15,269.0,41534759.0,0.0007068189427477112,0.0007065692638832388,0.0038661710037175556,11172850171.0,44500098.3,11423402785.131,0.015009300284891251,0.006468401486988857,0.6666666666666666,8.0,12
2025-10-29,AAPL,269.275,271.41,267.11,269.7,51086742.0,0.0026022304832713505,0.0025988505438450105,0.001631442343344558,13778094317.4,44618738.4,11490108702.351,0.015002574784386538,0.015943641082684448,0.2,1.0,5
2025-10-30,AAPL,271.99,274.14,268.48,271.4,69886534.0,0.006303299962921782,0.006283517255084803,-0.0060058953574060325,18967205327.6,45981553.15,11890393301.0275,0.015021464762157209,0.020854826823876002,0.125,1.0,8
2025-10-31,AAPL,276.99,277.32,269.16,270.37,86167123.0,-0.0037951363301399477,-0.003802356132567297,-0.007027406886858656,23297005045.510002,47832128.6,12421086977.089,0.01506827044030123,0.03018086326145629,-0.4444444444444444,-4.0,9
2025-11-03,AAPL,270.42,270.85,266.25,269.05,50194583.0,-0.004882198468765031,-0.004894155332772598,0.0014123768816205473,13504852556.15,48108651.85,12523087982.4255,0.015151471062331112,0.017097193830143114,0.3571428571428571,5.0,14
2025-11-04,AAPL,268.325,271.486,267.615,270.04,49274846.0,0.0036796134547483206,0.0036728602382405384,0.019293438009183816,13306179413.84,48974605.35,12778596081.6935,0.015062226144425326,0.014334913346170812,0.2857142857142857,2.0,7
2025-11-05,AAPL,268.61,271.7,266.93,270.14,43683072.0,0.00037031550881327924,0.0003702469589486057,0.012326941585844464,11800545070.08,49333914.2,12897703899.0125,0.015051265781424211,0.017657510920263433,0.3333333333333333,3.0,9
2025-11-06,AAPL,267.89,273.4,267.89,269.77,51204045.0,-0.0013696601762049898,-0.0013705990180650218,0.011787819253438192,13813315219.65,49978015.85,13101603463.571,0.015051441699095423,0.020424806316491715,-0.4,-2.0,5
2025-11-07,AAPL,269.795,272.29,266.77,268.47,48227365.0,-0.004818919820587686,-0.004830568251676048,0.014675755205423302,12947600681.550001,49289429.2,12988657559.3255,0.01459130789327466,0.020560956531456093,-1.0,-4.0,4
2025-11-10,AAPL,268.96,273.73,267.455,269.43,41312412.0,0.003575818527209673,0.003569440488091047,-0.007311732175333208,11130803165.16,49447902.7,13072873666.7975,0.011835521507428719,0.023289908324982407,0.5714285714285714,4.0,7
2025-11-11,AAPL,269.81,275.91,269.8,275.25,46208318.0,0.021601158000222664,0.02137115925182087,-0.028374205267938213,12718839529.5,49984419.3,13269296613.7115,0.012366622721134162,0.022198001816530394,0.4166666666666667,5.0,12
2025-11-12,AAPL,275.0,275.73,271.7,273.47,48397982.0,-0.006466848319709229,-0.006487848970948562,-0.017954437415438673,13235396137.54,50709637.85,13508514772.251501,0.012587104886495695,0.014736534171938473,1.0,1.0,1
2025-11-13,AAPL,274.11,276.699,272.09,272.95,49602794.0,-0.0019014882802502742,-0.001903298404073439,-0.02454662026012089,13539082622.3,51200928.85,13693328292.5515,0.01266447038517988,0.01688587653416384,1.0,2.0,2
2025-11-14,AAPL,271.05,275.96,269.6,272.41,47431331.0,-0.0019783843194722817,-0.0019803439067018758,-0.0033772622150435305,12920768877.710001,51115147.35,13719402396.9025,0.012456977055422303,0.02334716053008308,0.375,3.0,8
2025-11-17,AAPL,268.815,270.49,265.73,267.46,45018260.0,-0.01817113909181034,-0.01833826187641474,0.031630898078217395,12040583819.599998,48841908.9,13135018111.6345,0.012913109194900562,0.01779705376504888,0.1666666666666666,1.0,6
2025-11-18,AAPL,269.99,270.71,265.32,267.44,45677278.0,-7.477753682783028e-05,-7.478033280694518e-05,0.035634160933293524,12215931228.32,48790975.4,13132299960.2525,0.009827142364321955,0.020154053245587666,0.1111111111111111,1.0,9
2025-11-19,AAPL,265.525,272.21,265.5,268.56,40424492.0,0.004187855219862424,0.004179110559936028,0.03347482871611551,10856401571.52,48561437.3,13093410419.0135,0.0098499543348118,0.024985105749180645,0.0833333333333333,1.0,12
2025-11-20,AAPL,270.83,275.43,265.92,266.25,45823568.0,-0.008601429848078657,-0.008638635648144266,0.0473239436619719,12200524980.0,49214868.65,13278310288.7745,0.009284954716545817,0.03571830985915476,0.2857142857142857,2.0,7
2025-11-21,AAPL,265.95,273.33,265.67,271.49,59030832.0,0.019680751173708932,0.019489589259501727,0.042764006040738156,16026280579.68,50253724.4,13576932222.661499,0.010091165402275807,0.028214667206895055,0.5,3.0,6
2025-11-24,AAPL,270.9,277.0,270.9,275.92,65585796.0,0.01631735975542381,0.016185662345448826,0.037220933603943074,18096432832.32,51288606.6,13878434657.321499,0.010318963711150746,0.02210785734995651,-0.125,-1.0,8
2025-11-25,AAPL,275.27,280.38,275.25,276.97,46914220.0,0.003805450855320469,0.0037982284444346703,0.025923385204173588,12993831513.400002,51557579.65,13969483724.441502,0.009212663888404112,0.018521861573455523,0.0,0.0,6
2025-11-26,AAPL,276.96,279.53,276.63,277.55,33431423.0,0.002094089612593386,0.002091900063150298,0.01134930643127352,9278891453.65,50674813.7,13744523581.254002,0.009211927154797612,0.010448567825616885,1.0,3.0,3
2025-11-28,AAPL,277.26,279.0,275.9865,278.85,20135620.0,0.004683840749414525,0.00467290569939216,-0.0002510310202619159,5614817637.0,48187268.0,13076904196.723999,0.009235196776760185,0.010806885422270075,0.5,2.0,4
2025-12-01,AAPL,278.01,283.42,276.14,283.1,46587722.0,0.01524116908732287,0.015126189282290703,-0.018403391027905447,13188984098.2,46208297.95,12571503149.3585,0.00965761141039427,0.02571529494878136,-0.125,-1.0,8
2025-12-02,AAPL,283.0,287.4,282.6301,286.19,53669532.0,0.010914871070293097,0.01085573379308169,-0.0314825815017995,15359683363.08,46382045.4,12664244689.704998,0.009745067806880729,0.016666899612145545,0.6,3.0,5
2025-12-03,AAPL,286.2,288.62,283.3,284.15,43538687.0,-0.007128131660784853,-0.007153658167804444,-0.01889846911842341,12371517911.05,46095237.45,12617511614.5655,0.009844905184469817,0.018722505718810397,0.3333333333333333,2.0,6
2025-12-04,AAPL,284.095,284.73,278.59,280.7,43989056.0,-0.012141474573288735,-0.012215784375293914,-0.00951193444959042,12347728019.199999,46110536.65,12644870762.0215,0.010354319433969724,0.021873886711792023,0.6666666666666666,4.0,6
2025-12-05,AAPL,280.54,281.14,278.05,278.78,47265845.0,-0.006840042750267283,-0.006863543066097044,-0.0017935289475572436,13176772269.099998,45913626.65,12613043614.494,0.010525580051781676,0.01108400889590345,0.125,1.0,8
2025-12-08,AAPL,278.13,279.6693,276.15,277.89,38211832.0,-0.003192481526651747,-0.0031975883676942374,-0.01360250458814627,10618685994.48,45412850.0,12496597880.1405,0.010558351266034166,0.012664363597106881,0.6,6.0,10
2025-12-09,AAPL,278.16,280.03,276.92,277.18,32193256.0,-0.0025549677930115644,-0.0025582372933889985,-0.009271953243379705,8923326698.08,44956892.2,12386224056.786499,0.010502378908696965,0.011220145753661682,0.2,1.0,5
2025-12-10,AAPL,277.75,279.75,276.44,278.78,33038318.0,0.005772422252687592,0.005755825661083236,-0.024894181792094128,9210422292.039999,44298392.2,12210803194.9135,0.010534205114291699,0.01187316163282872,-0.3333333333333333,-1.0,3
2025-12-11,AAPL,279.095,279.59,273.81,278.03,33247986.0,-0.0026902934213358654,-0.0026939187642991413,-0.021004927525806516,9243937547.58,43540892.4,12011230265.415499,0.009522245523726592,0.020789123475883724,0.5714285714285714,4.0,7
2025-12-12,AAPL,277.9,279.22,276.82,278.28,39532887.0,0.0008991835413445504,0.0008987795179997704,-0.016566048584159665,11001211794.359999,43037397.05,11884336724.0185,0.009386643946309671,0.00862440707201389,0.0,0.0,6
2025-12-15,AAPL,280.15,280.15,272.84,274.11,50409078.0,-0.014984907287623805,-0.015098315376801175,-0.011455255189522395,13817632370.58,43186284.4,11929179898.661999,0.009994480148865668,0.026668125934843582,0.75,6.0,8
2025-12-16,AAPL,272.82,275.5,271.79,274.61,37648628.0,0.001824085221261429,0.0018224235981350034,-0.008193437966570793,10338689735.08,42817802.8,11844085194.436,0.009986541443882798,0.013510068824878794,0.5555555555555556,5.0,9
2025-12-17,AAPL,275.01,276.16,271.64,271.84,50138743.0,-0.010087032518845018,-0.010138251353152938,0.007246909947027813,13629715897.119999,43040876.05,11914774427.876,0.009370445448650809,0.01662742789876406,-0.3333333333333333,-2.0,6
2025-12-18,AAPL,273.605,273.63,266.95,272.19,51630721.0,0.0012875220718069347,0.0012866939260254284,0.004445424152246469,14053365948.99,43601187.5,12074622646.7495,0.009368689314491656,0.024541680443807567,0.25,2.0,8
2025-12-19,AAPL,272.145,274.6,269.9,273.67,144632048.0,0.0054373783019214805,0.005422649128458801,0.0003288632294369265,39581452576.16,48541611.5,13443669026.557499,0.009394677480834895,0.01717396864837223,1.0,1.0,1
2025-12-22,AAPL,272.86,273.88,270.505,270.97,36571827.0,-0.00986589688310735,-0.009914887333235534,0.00778683987157236,9909867962.19,47418661.25,13137848395.683,0.009462693508303237,0.012455253349079185,0.0,0.0,2
2025-12-23,AAPL,270.84,272.5,269.56,272.36,29641999.0,0.005129719157102253,0.005116606969895798,-0.0018358055514759997,8073294847.64,45621471.4,12636691496.449,0.008501031965261464,0.010794536642678758,-0.25,-1.0,4
2025-12-24,AAPL,272.34,275.43,272.195,273.81,17910574.0,0.005323836099280221,0.005309714582129921,,4904094266.94,44171289.1,12232204634.126,0.007764628028967981,0.011814762061283377,0.5,2.0,4
2025-12-26,AAPL,274.16,275.37,272.86,273.4,21521802.0,-0.0014973887001936692,-0.0014985109070471125,,5884060666.799999,43575808.05,12062463094.7835,0.007709212720355723,0.009180687637161601,1.0,1.0,1
2025-12-29,AAPL,272.69,274.36,272.35,273.76,23715213.0,0.0013167520117045584,0.0013158858540345264,,6492276710.88,43754787.7,12106336048.4775,0.007697541669434998,0.0073421975452950886,0.7777777777777778,7.0,9
2025-12-30,AAPL,272.81,274.08,272.28,273.08,22139617.0,-0.002483927527761609,-0.0024870175938040973,,6045886610.36,42532382.45,11749181174.085499,0.007608711904287601,0.006591475025633531,0.3333333333333333,2.0,6
2025-12-31,AAPL,273.06,273.68,271.75,271.86,27293639.0,-0.004467555295151526,-0.0044775646429773275,,7420048698.54,41213587.8,11352199440.858501,0.006666627967844782,0.007099242257044064,0.7142857142857143,5.0,7
